﻿序號,產業別,獲證業者,統一編號,產品名稱,產品型號,產品效期,標章編號,品牌名稱,備註
1,"傘類","季群洋傘工業股份有限公司","22475584","日式輕量三折迷你傘","JC1469–1759PGS–01NV","20131121","02700001-00001","無","【效期屆滿】"
2,"傘類","季群洋傘工業股份有限公司","22475584","日式輕量三折迷你傘","JC1469-1759PGS-01NV深藍","20150617","02700001-00002","季群洋傘","【效期屆滿】"
3,"傘類","季群洋傘工業股份有限公司","22475584","日式輕量三折迷你傘","JC1515-17180STP-03BL藍","20150923","02700001-00003","季群洋傘","【效期屆滿】"
4,"傘類","季群洋傘工業股份有限公司","22475584","日式輕量三折迷你傘","JC1515-17180STP-04BK黑","20150923","02700001-00004","季群洋傘","【效期屆滿】"
5,"傘類","季群洋傘工業股份有限公司","22475584","日式輕量三折迷你傘","JC1515-17180STP-01PK粉紅","20150923","02700001-00005","季群洋傘","【效期屆滿】"
6,"傘類","季群洋傘工業股份有限公司","22475584","日式輕量三折迷你傘","JC1515-17180STP-02YL黃","20150923","02700001-00006","季群洋傘","【效期屆滿】"
7,"傘類","季群洋傘工業股份有限公司","22475584","日式輕量三折迷你傘","JC1513-17180STP-04BK黑","20150923","02700001-00007","季群洋傘","【效期屆滿】"
8,"傘類","季群洋傘工業股份有限公司","22475584","日式輕量三折迷你傘","JC1513-17180STP-01PK粉紅","20150923","02700001-00008","季群洋傘","【效期屆滿】"
9,"傘類","季群洋傘工業股份有限公司","22475584","日式輕量三折迷你傘","JC1513-17180STP-03SG銀灰","20150923","02700001-00009","季群洋傘","【效期屆滿】"
10,"傘類","季群洋傘工業股份有限公司","22475584","日式輕量三折迷你傘","JC1513-17180STP-02BE米色","20150923","02700001-00010","季群洋傘","【效期屆滿】"
11,"傘類","季群洋傘工業股份有限公司","22475584","日式輕量長傘","JC1514-11180STP-03BL藍色","20150923","02700001-00011","季群洋傘","【效期屆滿】"
12,"傘類","季群洋傘工業股份有限公司","22475584","日式輕量長傘","JC1514-11180STP-04BK黑色","20150923","02700001-00012","季群洋傘","【效期屆滿】"
13,"傘類","季群洋傘工業股份有限公司","22475584","日式輕量長傘","JC1514-11180STP-01PK粉紅","20150923","02700001-00013","季群洋傘","【效期屆滿】"
14,"傘類","季群洋傘工業股份有限公司","22475584","日式輕量長傘","JC1514-11180STP-02YL黃","20150923","02700001-00014","季群洋傘","【效期屆滿】"
15,"傘類","季群洋傘工業股份有限公司","22475584","日式輕量長傘","JC1512-11180STP-04BK黑色","20150923","02700001-00015","季群洋傘","【效期屆滿】"
16,"傘類","季群洋傘工業股份有限公司","22475584","日式輕量長傘","JC1512-11180STP-03SG銀灰","20150923","02700001-00016","季群洋傘","【效期屆滿】"
17,"傘類","季群洋傘工業股份有限公司","22475584","日式輕量長傘","JC1512-11180STP-02BE米色","20150923","02700001-00017","季群洋傘","【效期屆滿】"
18,"傘類","季群洋傘工業股份有限公司","22475584","日式輕量長傘","JC1512-11180STP -01PK粉紅","20150923","02700001-00018","季群洋傘","【效期屆滿】"
19,"傘類","季群洋傘工業股份有限公司","22475584","日式輕量三折迷你傘","JC1469-1759PGS-01NV(深藍)","20171030","02700001-02001","無","【效期屆滿】"
20,"傘類","季群洋傘工業股份有限公司","22475584","日式輕量三折迷你傘(黑色)","JC1469-1759PGS-02BK(黑色 )","20200116","02700001-02002","無","【效期屆滿】"
21,"傘類","季群洋傘工業股份有限公司","22475584","日式輕量三折迷你傘(藍色)","JC1469-1759PGS-01NV(藍色)","20200116","02700001-02003","無","【效期屆滿】"
22,"傘類","季群洋傘工業股份有限公司","22475584","日式輕量長傘(銀灰)","JC1512-11180STP-03SG(銀灰)","20220527","02700001-02006","-","【效期屆滿】"
23,"傘類","季群洋傘工業股份有限公司","22475584","日式輕量三折迷你傘(銀灰)","JC1513-1780STP-03SG (銀灰)","20210319","02700001-02004","-","【效期屆滿】"
24,"傘類","季群洋傘工業股份有限公司","22475584","日式輕量三折迷你傘(米色)","JC1513-1780STP-02BE(米色)","20210319","02700001-02005","-","【效期屆滿】"
25,"傘類","季群洋傘工業股份有限公司","22475584","日式輕量三折迷你傘(米色)","JC1513-1780STP-02BE(米色)","20240124","02700001-02007","JC","【效期屆滿】"
26,"傘類","季群洋傘工業股份有限公司","22475584","抗風直傘","JC2208-11192STP-03SG","20241011","02700001-02008","JC","【有效】"
27,"傘類","張萬春雨傘店","68658707","藍色防風手動開收傘","T3013(藍色)","20190908","02700002-02010","無","【效期屆滿】"
28,"傘類","張萬春雨傘店","68658707","灰色防風手動開收傘","	T3013(灰色)","20190908","02700002-02011","無","【效期屆滿】"
29,"傘類","張萬春雨傘店","68658707","紫色防風手動開收傘","T3013(紫色)","20190908","02700002-02012","無","【效期屆滿】"
30,"傘類","張萬春雨傘店","68658707","藍色防風自動開收傘","AT3012(藍色)","20190908","02700002-02013","無","【效期屆滿】"
31,"傘類","張萬春雨傘店","68658707","灰色防風自動開收傘","AT3012(灰色)","20190908","02700002-02014","無","【效期屆滿】"
32,"傘類","張萬春雨傘店","68658707","紫色防風自動開收傘","AT3012(紫色)","20190908","02700002-02015","無","【效期屆滿】"
33,"傘類","張萬春雨傘店","68658707","21吋三折手開-卡其遮光","T3015","20160429","02700002-00018","無","【效期屆滿】"
34,"傘類","張萬春雨傘店","68658707","21吋三折手開-粉紫遮光","T3015","20160429","02700002-00019","無","【效期屆滿】"
35,"傘類","張萬春雨傘店","68658707","21吋三折手開-桃紅遮光","T3015","20160429","02700002-00020","無","【效期屆滿】"
36,"傘類","張萬春雨傘店","68658707","21吋三折手開-藍色遮光","T3015","20160429","02700002-00021","無","【效期屆滿】"
37,"傘類","張萬春雨傘店","68658707","一級遮光降溫傘","6k(粉橘)","20190210","02700002-02009","無","【效期屆滿】"
38,"傘類","張萬春雨傘店","68658707","直立式一級遮光降溫傘","AT1015(粉橘)","20161029","02700002-02001","-","【效期屆滿】"
39,"傘類","張萬春雨傘店","68658707","直立式一級遮光傘","AT1015(藕色)","20161029","02700002-02002","-","【效期屆滿】"
40,"傘類","張萬春雨傘店","68658707","直立式一級遮光傘","AT1015(卡其色)","20161029","02700002-02003","-","【效期屆滿】"
41,"傘類","張萬春雨傘店","68658707","直立式一級遮光傘","AT1015(藍色)","20161029","02700002-02004","-","【效期屆滿】"
42,"傘類","張萬春雨傘店","68658707","27直立紳士傘","AT1016(藍格色)","20161103","02700002-02005","無","【效期屆滿】"
43,"傘類","張萬春雨傘店","68658707","27直立紳士傘","AT1016(綠格紋色)","20161103","02700002-02006","無","【效期屆滿】"
44,"傘類","張萬春雨傘店","68658707","27直立紳士傘","AT1016(黑灰格紋色)","20161103","02700002-02007","無","【效期屆滿】"
45,"傘類","張萬春雨傘店","68658707","27直立紳士傘","AT1016(卡其格紋色)","20161103","02700002-02008","無","【效期屆滿】"
46,"傘類","張萬春雨傘店","68658707","紅格28吋兩折半自動傘（紅色）","AT2011","20160326","02700002-00015","無","【效期屆滿】"
47,"傘類","張萬春雨傘店","68658707","深灰格28吋兩折半自動傘（深灰色）","AT2011","20160326","02700002-00016","無","【效期屆滿】"
48,"傘類","張萬春雨傘店","68658707","綠格28吋兩折半自動傘（綠色）","AT2011","20160326","02700002-00017","無","【效期屆滿】"
49,"傘類","張萬春雨傘店","68658707","23吋×8K手開傘(拐杖傘)","Je123M-01","20150719","02700002-00012","張萬春雨傘","【效期屆滿】"
50,"傘類","張萬春雨傘店","68658707","23吋×8K手開傘(拐杖傘)","Je123M-02","20150719","02700002-00013","張萬春雨傘","【效期屆滿】"
51,"傘類","張萬春雨傘店","68658707","23吋×8K手開傘(拐杖傘)","Je123M-03","20150719","02700002-00014","張萬春雨傘","【效期屆滿】"
52,"傘類","張萬春雨傘店","68658707","奈米超撥水自動開收傘-紫","AT3011","20140511","02700002-00002","無","【效期屆滿】"
53,"傘類","張萬春雨傘店","68658707","奈米超撥水自動開收傘-灰","AT3011","20140511","02700002-00003","無","【效期屆滿】"
54,"傘類","張萬春雨傘店","68658707","奈米超撥水自動開收傘-藍","AT3011","20140511","02700002-00004","無","【效期屆滿】"
55,"傘類","張萬春雨傘店","68658707","日式三折遮光降溫傘","T3012","20131121","02700002-00001","無","【效期屆滿】"
56,"傘類","張萬春雨傘店","68658707","防風手開奈米超撥水傘-紫","T3013-01","20140716","02700002-00005","無","【效期屆滿】"
57,"傘類","張萬春雨傘店","68658707","防風手開奈米超撥水傘-灰","T3013-02","20140716","02700002-00006","無","【效期屆滿】"
58,"傘類","張萬春雨傘店","68658707","防風手開奈米超撥水傘-藍","T3013-03","20140716","02700002-00007","無","【效期屆滿】"
59,"傘類","張萬春雨傘店","68658707","防風自動開收奈米超撥水傘-紫","AT3012-01","20140716","02700002-00008","無","【效期屆滿】"
60,"傘類","張萬春雨傘店","68658707","防風自動開收奈米超撥水傘-灰","AT3012-02","20140716","02700002-00009","無","【效期屆滿】"
61,"傘類","張萬春雨傘店","68658707","防風自動開收奈米超撥水傘-藍","AT3012-03","20140716","02700002-00010","無","【效期屆滿】"
62,"傘類","張萬春雨傘店","68658707","YARN 三折手開傘-藏青格紋","T3014","20140716","02700002-00011","無","【效期屆滿】"
63,"傘類","美濃李家傘廠","21664849","美濃紙傘","8寸","20131121","02700003-00001","無","【效期屆滿】"
64,"傘類","美濃李家傘廠","21664849","美濃紙傘","1尺3寸","20131121","02700003-00002","無","【效期屆滿】"
65,"傘類","美濃李家傘廠","21664849","美濃紙傘","1尺7寸","20131121","02700003-00003","無","【效期屆滿】"
66,"傘類","美濃李家傘廠","21664849","客家花布傘","1尺3寸-紅牡丹花布","20131205","02700003-00004","無","【效期屆滿】"
67,"傘類","美濃李家傘廠","21664849","客家花布傘","1尺1寸-紅牡丹花布","20131205","02700003-00005","無","【效期屆滿】"
68,"傘類","美濃李家傘廠","21664849","客家花布傘","8寸-紅牡丹花布","20131205","02700003-00006","無","【效期屆滿】"
69,"傘類","美濃李家傘廠","21664849","客家花布傘","1尺3寸-藍牡丹花布","20131205","02700003-00007","無","【效期屆滿】"
70,"傘類","美濃李家傘廠","21664849","客家花布傘","1尺1寸-藍牡丹花布","20131206","02700003-00008","無","【效期屆滿】"
71,"傘類","美濃李家傘廠","21664849","客家花布傘","8寸-藍牡丹花布","20131206","02700003-00009","無","【效期屆滿】"
72,"傘類","美濃李家傘廠","21664849","美濃紙傘","1尺1寸-花鳥圖","20131206","02700003-00010","無","【效期屆滿】"
73,"傘類","美濃李家傘廠","21664849","美濃紙傘","1尺5寸-鄉村圖","20131206","02700003-00011","無","【效期屆滿】"
74,"傘類","美濃李家傘廠","21664849","美濃紙傘","2尺-鄉村圖","20131206","02700003-00012","無","【效期屆滿】"
75,"傘類","美濃李家傘廠","21664849","客家花布傘","1尺3寸-綠牡丹花布","20131230","02700003-00013","無","【效期屆滿】"
76,"傘類","美濃李家傘廠","21664849","客家花布傘","1尺1寸-綠牡丹花布","20131230","02700003-00014","無","【效期屆滿】"
77,"傘類","美濃李家傘廠","21664849","客家花布傘","8寸-綠牡丹花布","20131230","02700003-00015","無","【效期屆滿】"
78,"傘類","美濃李家傘廠","21664849","客家花布傘","1尺3寸-紫牡丹花布","20131230","02700003-00016","無","【效期屆滿】"
79,"傘類","美濃李家傘廠","21664849","客家花布傘","1尺1寸-紫牡丹花布","20131230","02700003-00017","無","【效期屆滿】"
80,"傘類","美濃李家傘廠","21664849","客家花布傘","8寸-紫牡丹花布","20131230","02700003-00018","無","【效期屆滿】"
81,"傘類","美濃李家傘廠","21664849","客家花布傘","客家花布傘(藍花布)-半徑9寸","20150718","02700003-00019","美濃李家傘廠","【效期屆滿】"
82,"傘類","美濃李家傘廠","21664849","客家花布傘","客家花布傘(藍花布)-半徑1尺2寸","20150718","02700003-00020","美濃李家傘廠","【效期屆滿】"
83,"傘類","美濃李家傘廠","21664849","客家花布傘","客家花布傘(藍花布)-半徑1尺4寸","20150718","02700003-00021","美濃李家傘廠","【效期屆滿】"
84,"傘類","美濃李家傘廠","21664849","客家花布傘","客家花布傘(紅花布)-半徑9寸","20150718","02700003-00022","美濃李家傘廠","【效期屆滿】"
85,"傘類","美濃李家傘廠","21664849","客家花布傘","客家花布傘(紅花布)-半徑1尺2寸","20150718","02700003-00023","美濃李家傘廠","【效期屆滿】"
86,"傘類","美濃李家傘廠","21664849","客家花布傘","客家花布傘(紅花布)-半徑1尺4寸","20150718","02700003-00024","美濃李家傘廠","【效期屆滿】"
87,"傘類","美濃李家傘廠","21664849","美濃紙傘","美濃紙傘-半徑1尺2寸","20150718","02700003-00025","美濃李家傘廠","【效期屆滿】"
88,"傘類","美濃李家傘廠","21664849","美濃紙傘","美濃紙傘-半徑9寸","20150718","02700003-00026","美濃李家傘廠","【效期屆滿】"
89,"傘類","美濃李家傘廠","21664849","美濃紙傘","美濃紙傘-半徑1尺4寸","20150718","02700003-00027","美濃李家傘廠","【效期屆滿】"
90,"傘類","美濃李家傘廠","21664849","美濃紙傘","美濃紙傘-半徑1尺6寸","20150718","02700003-00028","美濃李家傘廠","【效期屆滿】"
91,"傘類","美濃李家傘廠","21664849","美濃紙傘","美濃紙傘-半徑1尺8寸","20150718","02700003-00029","美濃李家傘廠","【效期屆滿】"
92,"傘類","美濃李家傘廠","21664849","客家花布傘","客家花布傘(綠花布)-半徑9寸","20150814","02700003-00030","美濃李家傘廠","【效期屆滿】"
93,"傘類","美濃李家傘廠","21664849","客家花布傘","客家花布傘(綠花布)-半徑1尺2寸","20150814","02700003-00031","美濃李家傘廠","【效期屆滿】"
94,"傘類","美濃李家傘廠","21664849","客家花布傘","客家花布傘(綠花布)-半徑1尺4寸","20150814","02700003-00032","美濃李家傘廠","【效期屆滿】"
95,"傘類","美濃李家傘廠","21664849","客家花布傘","客家花布傘(紫花花布)-半徑9寸","20150814","02700003-00033","美濃李家傘廠","【效期屆滿】"
96,"傘類","美濃李家傘廠","21664849","客家花布傘","客家花布傘(紫花布)-半徑1尺2寸","20150814","02700003-00034","美濃李家傘廠","【效期屆滿】"
97,"傘類","美濃李家傘廠","21664849","客家花布傘","客家花布傘(紫花布)-半徑1尺4寸","20150814","02700003-00035","美濃李家傘廠","【效期屆滿】"
98,"傘類","美濃李家傘廠","21664849","美濃紙傘","美濃紙傘-半徑2尺","20151017","02700003-00036","美濃李家傘廠","【效期屆滿】"
99,"傘類","美濃李家傘廠","21664849","布傘","9吋(油桐花)","20190206","02700003-02004","無","【效期屆滿】"
100,"傘類","美濃李家傘廠","21664849","布傘","1尺2吋(花)","20190206","02700003-02005","無","【效期屆滿】"
101,"傘類","美濃李家傘廠","21664849","布傘","1尺4吋(花)","20190206","02700003-02006","無","【效期屆滿】"
102,"傘類","美濃李家傘廠","21664849","油紙傘","1尺6吋(牡丹)","20190206","02700003-02007","無","【效期屆滿】"
103,"傘類","美濃李家傘廠","21664849","油紙傘","1尺8吋(油桐花)","20190206","02700003-02008","無","【效期屆滿】"
104,"傘類","美濃李家傘廠","21664849","油紙傘","1尺3吋(蘭花)","20180802","02700003-02001","無","【效期屆滿】"
105,"傘類","美濃李家傘廠","21664849","油紙傘","1尺1吋(四君子)","20180802","02700003-02002","無","【效期屆滿】"
106,"傘類","美濃李家傘廠","21664849","油紙傘","8吋(牡丹)","20180802","02700003-02003","無","【效期屆滿】"
107,"傘類","美濃李家傘廠","21664849","油紙傘","5吋(花)","20190918","02700003-02009","無","【效期屆滿】"
108,"傘類","美濃李家傘廠","21664849","花布傘","5吋(花)","20190918","02700003-02010","無","【效期屆滿】"
109,"傘類","美濃李家傘廠","21664849","布傘","9吋(花)","20220309","02700003-02011","-","【效期屆滿】"
110,"傘類","美濃李家傘廠","21664849","布傘","1尺2吋(花)","20220309","02700003-02012","-","【效期屆滿】"
111,"傘類","美濃李家傘廠","21664849","布傘","1尺4吋(花)","20220309","02700003-02013","-","【效期屆滿】"
112,"傘類","美濃李家傘廠","21664849","油紙傘","9吋","20220309","02700003-02014","-","【效期屆滿】"
113,"傘類","美濃李家傘廠","21664849","油紙傘","1尺2吋","20220401","02700003-02015","-","【效期屆滿】"
114,"傘類","美濃李家傘廠","21664849","油紙傘","1尺4吋","20220401","02700003-02016","-","【效期屆滿】"
115,"傘類","美濃李家傘廠","21664849","油紙傘","5吋","20230118","02700003-02017","-","【效期屆滿】"
116,"傘類","美濃李家傘廠","21664849","油紙傘","1尺6吋","20230118","02700003-02018","-","【效期屆滿】"
117,"傘類","美濃李家傘廠","21664849","油紙傘","1尺8吋","20230118","02700003-02019","-","【效期屆滿】"
118,"傘類","美濃李家傘廠","21664849","布傘","5吋","20230118","02700003-02020","-","【效期屆滿】"
119,"傘類","美濃李家傘廠","21664849","布傘","1尺2吋","20250210","02700003-02023","-","【有效】"
120,"傘類","美濃李家傘廠","21664849","布傘","9吋","20250210","02700003-02024","-","【有效】"
121,"傘類","美濃李家傘廠","21664849","布傘","30公分","20250210","02700003-02025","-","【有效】"
122,"傘類","美濃李家傘廠","21664849","油紙傘","1尺2吋","20250109","02700003-02021","-","【有效】"
123,"傘類","美濃李家傘廠","21664849","油紙傘","9吋","20250109","02700003-02022","-","【有效】"
124,"傘類","美濃廣進勝紙傘","10790361","美濃廣進勝紙傘（1尺7吋）","1尺7吋","20160814","02700004-00004","無","【效期屆滿】"
125,"傘類","美濃廣進勝紙傘","10790361","美濃紙傘","8寸","20131221","02700004-00003","無","【效期屆滿】"
126,"傘類","美濃廣進勝紙傘","10790361","油紙傘","1.5尺","20131121","02700004-00001","無","【效期屆滿】"
127,"傘類","美濃廣進勝紙傘","10790361","油紙傘","1.7尺","20131121","02700004-00002","無","【效期屆滿】"
128,"傘類","吉常休閒文化產業有限公司","53143512","10K三折自動開收晴雨傘","PT01H-AX3V10R55-M001-PL","20131205","02700005-00001","無","【效期屆滿】"
129,"傘類","吉常休閒文化產業有限公司","53143512","30吋X8K碳纖維超輕高爾夫傘","ET01N-CX1V8R30e-M001-GN","20131205","02700005-00002","無","【效期屆滿】"
130,"傘類","吉常休閒文化產業有限公司","53143512","30吋X8K碳纖維超輕高爾夫傘","ET01N-CX1V8R30e-M001-GD","20131205","02700005-00003","無","【效期屆滿】"
131,"傘類","吉常休閒文化產業有限公司","53143512","8K竹中棒陽傘","BJ01N-BX1V8R55-M001-YL","20131205","02700005-00004","無","【效期屆滿】"
132,"傘類","吉常休閒文化產業有限公司","53143512","30吋X8K碳纖維超輕高爾夫傘","ET01N-CX1V8R30e-M001-BK","20131230","02700005-00005","無","【效期屆滿】"
133,"傘類","吉常休閒文化產業有限公司","53143512","585X8K晴雨兩用直傘","WJ01N-WX1V8R585-M001-GD","20131230","02700005-00006","無","【效期屆滿】"
134,"傘類","吉常休閒文化產業有限公司","53143512","30吋X8K碳纖維超輕高爾夫傘","ET01N-CX1V8R30e-M001-GN(金)","20131205","02700005-00012","藏傘閣","【效期屆滿】"
135,"傘類","吉常休閒文化產業有限公司","53143512","30吋X8K碳纖維超輕高爾夫傘","ET01N-CX1V8R30e-M001-GN(紫)","20131205","02700005-00013","藏傘閣","【效期屆滿】"
136,"傘類","吉常休閒文化產業有限公司","53143512","8K一支兩用拐杖傘","PJ01N-FX1V8R60-M001-RG(深藍)","20140314","02700005-00014","藏傘閣","【效期屆滿】"
137,"傘類","吉常休閒文化產業有限公司","53143512","8K一支兩用拐杖傘","PJ01N-FX1V8R60-M001-RG(條紋咖啡)","20140314","02700005-00015","藏傘閣","【效期屆滿】"
138,"傘類","吉常休閒文化產業有限公司","53143512","30吋X8K碳纖維超輕高爾夫傘","ET01N-CX1V8R30e-M001-GDp(咖啡格紋)","20140314","02700005-00016","藏傘閣","【效期屆滿】"
139,"傘類","吉常休閒文化產業有限公司","53143512","30吋X8K碳纖維超輕高爾夫傘","ET01N-CX1V8R30e-M001-GDp(藍條紋)","20140309","02700005-00017","藏傘閣","【效期屆滿】"
140,"傘類","吉常休閒文化產業有限公司","53143512","8K手開電風扇晴雨傘","PJ01N-FX1V8R60-M001-RG(紫條紋)","20140501","02700005-00018","藏傘閣","【效期屆滿】"
141,"傘類","吉常休閒文化產業有限公司","53143512","8K一支兩用拐杖傘","PJ01N-FX1V8R60-M001-RG","20140314","02700005-00007","無","【效期屆滿】"
142,"傘類","吉常休閒文化產業有限公司","53143512","30吋X8K碳纖維超輕高爾夫傘","ET01N-CX1V8R30e-M001-GDp","20140314","02700005-00008","無","【效期屆滿】"
143,"傘類","吉常休閒文化產業有限公司","53143512","8K手開電風扇晴雨傘","PJ01N-FX1V8R60-M001-RG","20140501","02700005-00009","無","【效期屆滿】"
144,"傘類","吉常休閒文化產業有限公司","53143512","三折8K安全中棒全自動傘","PJ01N-FX1V8R60-M001-RG","20140501","02700005-00010","無","【效期屆滿】"
145,"傘類","吉常休閒文化產業有限公司","53143512","8K三折手開晴雨傘","PJ01N-FX1V8R60-M001-RG","20140501","02700005-00011","無","【效期屆滿】"
146,"傘類","吉常休閒文化產業有限公司","53143512","10K三折自動開收晴雨傘-金","PT01H-AX3V10 R55-M001","20150718","02700005-00019","藏傘閣","【效期屆滿】"
147,"傘類","吉常休閒文化產業有限公司","53143512","8K竹中棒陽傘-紅","BJ01N-BX1V8R5 5-M001","20150718","02700005-00020","藏傘閣","【效期屆滿】"
148,"傘類","吉常休閒文化產業有限公司","53143512","30吋×8K碳纖維超輕高爾夫傘-灰","ET01W-CX1V8R 30e-M001","20150718","02700005-00021","藏傘閣","【效期屆滿】"
149,"傘類","吉常休閒文化產業有限公司","53143512","30吋×8K碳纖維超輕高爾夫傘-咖啡","ET01N-CX1V8R 30e-M001","20150718","02700005-00022","藏傘閣","【效期屆滿】"
150,"傘類","吉常休閒文化產業有限公司","53143512","高爾夫球傘","8K(金)","20180908","02700005-02001","無","【效期屆滿】"
151,"傘類","吉常休閒文化產業有限公司","53143512","3折黑膠防曬傘	","6K(藍)","20180908","02700005-02002","無","【效期屆滿】"
152,"傘類","吉常休閒文化產業有限公司","53143512","高爾夫球","模組化直傘30""(黑)","20201019","02700005-02003","無","【效期屆滿】"
153,"傘類","原鄉緣紙傘文創廠","81900558","布傘","5吋(花)","20190918","02700006-02011","無","【效期屆滿】"
154,"傘類","原鄉緣紙傘文創廠","81900558","油紙傘","8吋","20220309","02700006-02015","-","【效期屆滿】"
155,"傘類","原鄉緣紙傘文創廠","81900558","油紙傘","1尺1吋","20220309","02700006-02016","-","【效期屆滿】"
156,"傘類","原鄉緣紙傘文創廠","81900558","油紙傘","1尺3吋","20220309","02700006-02017","-","【效期屆滿】"
157,"傘類","原鄉緣紙傘文創廠","81900558","布傘","8吋(花)","20220309","02700006-02012","-","【效期屆滿】"
158,"傘類","原鄉緣紙傘文創廠","81900558","布傘","1尺1吋(花)","20220309","02700006-02013","-","【效期屆滿】"
159,"傘類","原鄉緣紙傘文創廠","81900558","布傘","1尺3吋(花)","20220309","02700006-02014","-","【效期屆滿】"
160,"傘類","原鄉緣紙傘文創廠","81900558","油紙傘","8吋","20240307","02700006-02022","-","【有效】"
161,"傘類","原鄉緣紙傘文創廠","81900558","油紙傘","1尺1吋","20240307","02700006-02023","-","【有效】"
162,"傘類","原鄉緣紙傘文創廠","81900558","油紙傘","1尺3吋","20240307","02700006-02024","-","【有效】"
163,"傘類","原鄉緣紙傘文創廠","81900558","布傘","8吋(花)","20240307","02700006-02025","-","【有效】"
164,"傘類","原鄉緣紙傘文創廠","81900558","布傘","1尺1吋(花)","20240307","02700006-02026","-","【有效】"
165,"傘類","原鄉緣紙傘文創廠","81900558","布傘","1尺3吋(花)","20240307","02700006-02027","-","【有效】"
166,"傘類","原鄉緣紙傘文創廠","81900558","油紙傘","5吋","20230816","02700006-02018","-","【效期屆滿】"
167,"傘類","原鄉緣紙傘文創廠","81900558","油紙傘","1尺5吋","20230816","02700006-02019","-","【效期屆滿】"
168,"傘類","原鄉緣紙傘文創廠","81900558","布傘","5吋(花)","20230816","02700006-02020","-","【效期屆滿】"
169,"傘類","原鄉緣紙傘文創廠","81900558","布傘","1尺5吋(花)","20230816","02700006-02021","-","【效期屆滿】"
170,"傘類","原鄉緣紙傘文創廠","81900558","布傘","1尺5吋(有圖案)","20250210","02700006-02028","-","【有效】"
171,"傘類","原鄉緣紙傘文創廠","81900558","油紙傘","1尺3吋","20250210","02700006-02029","-","【有效】"
172,"傘類","原鄉緣紙傘文創廠","81900558","油紙傘","1尺5吋","20250210","02700006-02030","-","【有效】"
173,"傘類","原鄉緣紙傘文創廠","81900558","油紙傘","2尺","20250210","02700006-02031","-","【有效】"
174,"傘類","原鄉緣紙傘文創廠","81900558","油紙傘","1尺7吋(花鳥)","20180708","02700006-02001","無","【效期屆滿】"
175,"傘類","原鄉緣紙傘文創廠","81900558","油紙傘","1尺5吋(松竹梅)","20180708","02700006-02002","無","【效期屆滿】"
176,"傘類","原鄉緣紙傘文創廠","81900558","油紙傘","1尺3吋(牡丹蝴蝶)","20180708","02700006-02003","無","【效期屆滿】"
177,"傘類","原鄉緣紙傘文創廠","81900558","油紙傘","1尺1吋(梅花)","20180708","02700006-02004","無","【效期屆滿】"
178,"傘類","原鄉緣紙傘文創廠","81900558","油紙傘","8吋(山水)","20180708","02700006-02005","無","【效期屆滿】"
179,"傘類","原鄉緣紙傘文創廠","81900558","油紙傘","5吋(荷花)","20180708","02700006-02006","無","【效期屆滿】"
180,"傘類","原鄉緣紙傘文創廠","81900558","布傘","1尺5吋(紅花)","20180715","02700006-02007","無","【效期屆滿】"
181,"傘類","原鄉緣紙傘文創廠","81900558","布傘	","1尺3吋(紅花)","20180715","02700006-02008","無","【效期屆滿】"
182,"傘類","原鄉緣紙傘文創廠","81900558","布傘","1尺1吋(藍花)","20180715","02700006-02009","無","【效期屆滿】"
183,"傘類","原鄉緣紙傘文創廠","81900558","布傘","8吋(紅花)","20180715","02700006-02010","無","【效期屆滿】"
184,"傘類","原鄉緣紙傘文創廠","81900558","美濃紙傘","8寸","20150712","02700006-00013","原鄉緣紙傘","【效期屆滿】"
185,"傘類","原鄉緣紙傘文創廠","81900558","美濃紙傘","1尺1寸","20150712","02700006-00014","原鄉緣紙傘","【效期屆滿】"
186,"傘類","原鄉緣紙傘文創廠","81900558","美濃紙傘","1尺3寸","20150712","02700006-00015","原鄉緣紙傘","【效期屆滿】"
187,"傘類","原鄉緣紙傘文創廠","81900558","美濃紙傘","1尺5寸","20150712","02700006-00016","原鄉緣紙傘","【效期屆滿】"
188,"傘類","原鄉緣紙傘文創廠","81900558","美濃紙傘","1尺7寸","20150712","02700006-00017","原鄉緣紙傘","【效期屆滿】"
189,"傘類","原鄉緣紙傘文創廠","81900558","美濃紙傘","2尺","20150712","02700006-00018","原鄉緣紙傘","【效期屆滿】"
190,"傘類","原鄉緣紙傘文創廠","81900558","客家花布傘","8寸－紅牡丹花布","20150712","02700006-00019","原鄉緣紙傘","【效期屆滿】"
191,"傘類","原鄉緣紙傘文創廠","81900558","客家花布傘","8寸－藍牡丹花布","20150712","02700006-00020","原鄉緣紙傘","【效期屆滿】"
192,"傘類","原鄉緣紙傘文創廠","81900558","客家花布傘","1尺1寸－紅牡丹花布","20150712","02700006-00021","原鄉緣紙傘","【效期屆滿】"
193,"傘類","原鄉緣紙傘文創廠","81900558","客家花布傘","1尺1寸－藍牡丹花布","20150712","02700006-00022","原鄉緣紙傘","【效期屆滿】"
194,"傘類","原鄉緣紙傘文創廠","81900558","客家花布傘","1尺3寸－紅牡丹花布","20150712","02700006-00023","原鄉緣紙傘","【效期屆滿】"
195,"傘類","原鄉緣紙傘文創廠","81900558","客家花布傘","1尺3寸－藍牡丹花布","20150712","02700006-00024","原鄉緣紙傘","【效期屆滿】"
196,"傘類","原鄉緣紙傘文創廠","81900558","美濃紙傘","8寸-花鳥圖","20131214","02700006-00001","無","【效期屆滿】"
197,"傘類","原鄉緣紙傘文創廠","81900558","美濃紙傘","1尺1寸-花鳥圖","20131214","02700006-00002","無","【效期屆滿】"
198,"傘類","原鄉緣紙傘文創廠","81900558","美濃紙傘","1尺3寸-花鳥圖","20131214","02700006-00003","無","【效期屆滿】"
199,"傘類","原鄉緣紙傘文創廠","81900558","美濃紙傘","1尺5寸-鄉村圖","20131214","02700006-00004","無","【效期屆滿】"
200,"傘類","原鄉緣紙傘文創廠","81900558","美濃紙傘","1尺7寸-花鳥圖","20131214","02700006-00005","無","【效期屆滿】"
201,"傘類","原鄉緣紙傘文創廠","81900558","美濃紙傘","2尺-花鳥圖","20131214","02700006-00006","無","【效期屆滿】"
202,"傘類","原鄉緣紙傘文創廠","81900558","客家花布傘","8寸-紅牡丹花布","20131214","02700006-00007","無","【效期屆滿】"
203,"傘類","原鄉緣紙傘文創廠","81900558","客家花布傘","1尺1寸-紅牡丹花布","20131214","02700006-00008","無","【效期屆滿】"
204,"傘類","原鄉緣紙傘文創廠","81900558","客家花布傘","1尺3寸-紅牡丹花布","20131214","02700006-00009","無","【效期屆滿】"
205,"傘類","原鄉緣紙傘文創廠","81900558","客家花布傘","8寸-藍牡丹花布","20131214","02700006-00010","無","【效期屆滿】"
206,"傘類","原鄉緣紙傘文創廠","81900558","客家花布傘","1尺1寸-藍牡丹花布","20131214","02700006-00011","無","【效期屆滿】"
207,"傘類","原鄉緣紙傘文創廠","81900558","客家花布傘","1尺3寸-藍牡丹花布","20131214","02700006-00012","無","【效期屆滿】"
208,"傘類","嘉雲製傘有限公司","53367224","高爾夫抗風傘-黑","40462","20140203","02700007-00001","無","【效期屆滿】"
209,"傘類","嘉雲製傘有限公司","53367224","拐杖傘+米黃色","Je12301M(米黃色)","20150604","02700007-00002","無","【效期屆滿】"
210,"傘類","嘉雲製傘有限公司","53367224","拐杖傘+古銅色格子布","Je12303M(古銅色格子布)","20150628","02700007-00003","無","【效期屆滿】"
211,"傘類","嘉雲製傘有限公司","53367224","拐杖傘+藍色格子布","Je12304M(藍色格子布)","20150628","02700007-00004","無","【效期屆滿】"
212,"傘類","嘉雲製傘有限公司","53367224","晴雨兩用8K直傘","FEDERAL(白綠)","20151202","02700007-00005","無","【效期屆滿】"
213,"傘類","嘉雲製傘有限公司","53367224","快速更換傘面租借傘","6K(黑)","20181003","02700007-02003","無","【效期屆滿】"
214,"傘類","嘉雲製傘有限公司","53367224","21.5吋兩折自動抗風傘","AS14139","20160814","02700007-00031","無","【效期屆滿】"
215,"傘類","嘉雲製傘有限公司","53367224","31吋高爾夫自動抗風傘","AS14140","20160814","02700007-00032","無","【效期屆滿】"
216,"傘類","嘉雲製傘有限公司","53367224","23吋直骨自動抗風傘（灰色）","AS14141","20160814","02700007-00033","無","【效期屆滿】"
217,"傘類","嘉雲製傘有限公司","53367224","23吋直骨自動抗風傘（丈青色）","AS14141","20160814","02700007-00034","無","【效期屆滿】"
218,"傘類","嘉雲製傘有限公司","53367224","21吋6k三折自動開收傘（深灰）","E26/10-01","20160328","02700007-00006","無","【效期屆滿】"
219,"傘類","嘉雲製傘有限公司","53367224","21吋6k三折自動開收傘（米白）","E26/10-02","20160328","02700007-00007","無","【效期屆滿】"
220,"傘類","嘉雲製傘有限公司","53367224","21吋6k三折自動開收傘（深紫）","E26/10-03","20160328","02700007-00008","無","【效期屆滿】"
221,"傘類","嘉雲製傘有限公司","53367224","21吋6k三折自動開收傘（淺灰）","E26/10-04","20160328","02700007-00009","無","【效期屆滿】"
222,"傘類","嘉雲製傘有限公司","53367224","21吋6k三折自動開收傘（亮綠）","E26/10-05","20160328","02700007-00010","無","【效期屆滿】"
223,"傘類","嘉雲製傘有限公司","53367224","21吋6k三折自動開收傘（金橘）","E26/10-06","20160328","02700007-00011","無","【效期屆滿】"
224,"傘類","嘉雲製傘有限公司","53367224","21吋6k三折自動開收傘（粉紫）","E26/10-07","20160328","02700007-00012","無","【效期屆滿】"
225,"傘類","嘉雲製傘有限公司","53367224","21吋6k三折自動開收傘（亮藍）","E26/10-08","20160328","02700007-00013","無","【效期屆滿】"
226,"傘類","嘉雲製傘有限公司","53367224","21吋6k三折自動開收傘（紫藍）","E26/10-09","20160328","02700007-00014","無","【效期屆滿】"
227,"傘類","嘉雲製傘有限公司","53367224","21吋6k三折自動開收傘（粉紅）","E26/10-10","20160328","02700007-00015","無","【效期屆滿】"
228,"傘類","嘉雲製傘有限公司","53367224","23吋三折手開墨綠碰其","40442S-HUP","20160416","02700007-00016","無","【效期屆滿】"
229,"傘類","嘉雲製傘有限公司","53367224","23吋三折手開灰色碰其","40442S-GRP","20160416","02700007-00017","無","【效期屆滿】"
230,"傘類","嘉雲製傘有限公司","53367224","23吋三折手開深藍碰其","40442S-NAP","20160416","02700007-00018","無","【效期屆滿】"
231,"傘類","嘉雲製傘有限公司","53367224","21吋三折圓點自動開收粉紅","40442SD-PI","20160416","02700007-00019","無","【效期屆滿】"
232,"傘類","嘉雲製傘有限公司","53367224","21吋三折圓點自動開收粉藍","40442SD-LB","20160416","02700007-00020","無","【效期屆滿】"
233,"傘類","嘉雲製傘有限公司","53367224","21吋三折圓點自動開收螢光綠","40442SD-LG","20160416","02700007-00021","無","【效期屆滿】"
234,"傘類","嘉雲製傘有限公司","53367224","21吋三折圓點自動開收銀灰","40442SD-GR","20160416","02700007-00022","無","【效期屆滿】"
235,"傘類","嘉雲製傘有限公司","53367224","21吋三折圓點自動開收螢光紫","40442SD-PU","20160416","02700007-00023","無","【效期屆滿】"
236,"傘類","嘉雲製傘有限公司","53367224","21吋三折圓點自動開收香檳金","40442SD-OR","20160416","02700007-00024","無","【效期屆滿】"
237,"傘類","嘉雲製傘有限公司","53367224","28吋二折自動開-古典條紋","40458S-EC","20160416","02700007-00025","無","【效期屆滿】"
238,"傘類","嘉雲製傘有限公司","53367224","28吋二折自動開-經典格紋","40458S-PA","20160416","02700007-00026","無","【效期屆滿】"
239,"傘類","嘉雲製傘有限公司","53367224","28吋二折自動開-紳士格紋","40458S-BR","20160416","02700007-00027","無","【效期屆滿】"
240,"傘類","嘉雲製傘有限公司","53367224","28吋二折自動開-深藍碰其","40458S-NAP","20160416","02700007-00028","無","【效期屆滿】"
241,"傘類","嘉雲製傘有限公司","53367224","28吋二折自動開-灰色碰其","40458S-GRP","20160416","02700007-00029","無","【效期屆滿】"
242,"傘類","嘉雲製傘有限公司","53367224","28吋二折自動開-墨綠碰其","40458S-HUP","20160416","02700007-00030","無","【效期屆滿】"
243,"傘類","嘉雲製傘有限公司","53367224","23吋8K手杖傘","Je12304M(深藍格子)","20170706","02700007-02001","無","【效期屆滿】"
244,"傘類","嘉雲製傘有限公司","53367224","晴雨兩用8K直傘","S4062(白綠)","20180714","02700007-02002","無","【效期屆滿】"
245,"傘類","嘉雲製傘有限公司","53367224","即享傘","-","20241011","02700503-00001","-","【有效】"
246,"傘類","嘉雲製傘有限公司","53367224","23吋自動傘","23吋(深藍)","20220715","02700007-02012","-","【效期屆滿】"
247,"傘類","嘉雲製傘有限公司","53367224","雙層抗風傘","-(鐵灰)","20220410","02700007-02011","-","【效期屆滿】"
248,"傘類","嘉雲製傘有限公司","53367224","快速更換傘面租借傘","6k","20210418","02700007-02010","-","【效期屆滿】"
249,"傘類","嘉雲製傘有限公司","53367224","23”單層紳士傘","鼎王(藍)","20210123","02700007-02008","無","【效期屆滿】"
250,"傘類","嘉雲製傘有限公司","53367224","23”單層貴婦傘","鼎王(粉)","20210123","02700007-02009","無","【效期屆滿】"
251,"傘類","嘉雲製傘有限公司","53367224","21”安全式三折用-淺灰色","鼎王(灰)","20210123","02700007-02007","無","【效期屆滿】"
252,"傘類","嘉雲製傘有限公司","53367224","21”折疊抗風傘-淺灰色","鼎王(灰)","20210123","02700007-02006","無","【效期屆滿】"
253,"傘類","嘉雲製傘有限公司","53367224","28”雙層抗風傘-深藍色","鼎王(深藍色)","20210131","02700007-02004","無","【效期屆滿】"
254,"傘類","嘉雲製傘有限公司","53367224","28”雙層抗風傘-鐵灰色","鼎王(鐵灰)","20210131","02700007-02005","無","【效期屆滿】"
255,"傘類","富雨洋傘有限公司","28139315","凌志高爾夫球傘","GGA30(網黑)(黑)","20210606","02700008-02111","-","【效期屆滿】"
256,"傘類","富雨洋傘有限公司","28139315","凌志高爾夫球傘","GGA30(網藍)(黑)","20230606","02700008-02112","-","【效期屆滿】"
257,"傘類","富雨洋傘有限公司","28139315","超大自動高爾夫球傘","GA30(紅)","20210807","02700008-02113","-","【效期屆滿】"
258,"傘類","富雨洋傘有限公司","28139315","32吋自動直傘-迷彩灰","GA32-1(迷彩灰)","20211106","02700008-02114","-","【效期屆滿】"
259,"傘類","富雨洋傘有限公司","28139315","32吋自動直傘-迷彩藍","GA32-1 (迷彩藍)","20211106","02700008-02115","-","【效期屆滿】"
260,"傘類","富雨洋傘有限公司","28139315","32吋自動直傘-迷彩綠","GA32-1  (迷彩綠)","20211106","02700008-02116","-","【效期屆滿】"
261,"傘類","富雨洋傘有限公司","28139315","27吋自動折傘-迷彩藍","R13(迷彩藍)","20211106","02700008-02117","-","【效期屆滿】"
262,"傘類","富雨洋傘有限公司","28139315","27吋自動折傘-迷彩灰","R13(迷彩灰)","20211106","02700008-02118","-","【效期屆滿】"
263,"傘類","富雨洋傘有限公司","28139315","27吋自動折傘-迷彩綠","R13(迷彩綠)","20211106","02700008-02119","-","【效期屆滿】"
264,"傘類","富雨洋傘有限公司","28139315","最美思","GA27自動直傘(藍白)","20220108","02700008-02120","-","【效期屆滿】"
265,"傘類","富雨洋傘有限公司","28139315","泰豐輪胎","GA30(白綠)","20200131","02700008-02097","無","【效期屆滿】"
266,"傘類","富雨洋傘有限公司","28139315","橄欖綠潑水自動折傘","H01-橄欖綠(橄欖綠)","20200427","02700008-02098","無","【效期屆滿】"
267,"傘類","富雨洋傘有限公司","28139315","灰色超潑水自動折傘","H01-灰  (灰)","20200427","02700008-02099","無","【效期屆滿】"
268,"傘類","富雨洋傘有限公司","28139315","藍色超潑水自動折傘","H01-藍  (藍)","20200427","02700008-02100","無","【效期屆滿】"
269,"傘類","富雨洋傘有限公司","28139315","黑色超潑水自動折傘","H01-黑(黑)","20200427","02700008-02101","無","【效期屆滿】"
270,"傘類","富雨洋傘有限公司","28139315","水藍潑水自動折傘","H01-水藍(水藍)","20200427","02700008-02102","無","【效期屆滿】"
271,"傘類","富雨洋傘有限公司","28139315","彎把自動高爾夫球傘-藍色","GA2703-藍(藍)","20200426","02700008-02103","無","【效期屆滿】"
272,"傘類","富雨洋傘有限公司","28139315","彎把自動高爾夫球傘-灰色","GA2703-灰(GA2703-灰)","20200426","02700008-02104","無","【效期屆滿】"
273,"傘類","富雨洋傘有限公司","28139315","自動高爾夫球傘-灰色	","GA2702-灰(灰)","20200426","02700008-02105","無","【效期屆滿】"
274,"傘類","富雨洋傘有限公司","28139315","自動高爾夫球傘-藍色","GA2702-藍(藍)","20200426","02700008-02106","無","【效期屆滿】"
275,"傘類","富雨洋傘有限公司","28139315","27吋三折自動傘-灰","R03-灰(灰)","20200426","02700008-02107","無","【效期屆滿】"
276,"傘類","富雨洋傘有限公司","28139315","27吋三折自動傘-藍","R03-藍(藍)","20200426","02700008-02108","無","【效期屆滿】"
277,"傘類","富雨洋傘有限公司","28139315","27吋三折自動傘-黑","R03-黑(黑)","20200426","02700008-02109","無","【效期屆滿】"
278,"傘類","富雨洋傘有限公司","28139315","水槍傘","WG1(橄欖綠)","20200528","02700008-02110","無","【效期屆滿】"
279,"傘類","富雨洋傘有限公司","28139315","藍色超潑水自動折傘","H01-深藍  (深藍)","20190918","02700008-02068","無","【效期屆滿】"
280,"傘類","富雨洋傘有限公司","28139315","水藍色超潑水自動折傘","H01-水藍(水藍)","20190918","02700008-02069","無","【效期屆滿】"
281,"傘類","富雨洋傘有限公司","28139315","橄欖綠色超潑水自動折傘","H01-橄欖綠(橄欖綠)","20190918","02700008-02070","無","【效期屆滿】"
282,"傘類","富雨洋傘有限公司","28139315","灰色超潑水自動折傘","H01-灰(灰)","20190918","02700008-02071","無","【效期屆滿】"
283,"傘類","富雨洋傘有限公司","28139315","黑色超潑水自動折傘","H01-黑(黑)","20190918","02700008-02072","無","【效期屆滿】"
284,"傘類","富雨洋傘有限公司","28139315","紅色超潑水自動折傘","H01-紅(紅)","20190918","02700008-02073","無","【效期屆滿】"
285,"傘類","富雨洋傘有限公司","28139315","八八節直傘-黃","F01-黃(黃)","20190918","02700008-02063","無","【效期屆滿】"
286,"傘類","富雨洋傘有限公司","28139315","八八節直傘-藍","F01-藍(藍)","20190918","02700008-02064","無","【效期屆滿】"
287,"傘類","富雨洋傘有限公司","28139315","八八節直傘-黑","F01-黑(黑)","20190918","02700008-02065","無","【效期屆滿】"
288,"傘類","富雨洋傘有限公司","28139315","八八節直傘-綠","F01-綠(綠)","20190918","02700008-02066","無","【效期屆滿】"
289,"傘類","富雨洋傘有限公司","28139315","扇形車庫-桔","1212H-桔(桔)","20190918","02700008-02067","無","【效期屆滿】"
290,"傘類","富雨洋傘有限公司","28139315","扇形車庫-藍","1212H-藍(藍)","20190918","02700008-02074","無","【效期屆滿】"
291,"傘類","富雨洋傘有限公司","28139315","聯邦銀行","GA23自動直骨傘(綠白相間)","20190918","02700008-02062","無","【效期屆滿】"
292,"傘類","富雨洋傘有限公司","28139315","平安圓舞曲-綠","1213H-綠(綠)","20190918","02700008-02075","無","【效期屆滿】"
293,"傘類","富雨洋傘有限公司","28139315","平安圓舞曲-外綠內銀膠布","1213H-外綠內銀膠布(外綠內銀膠布)","20190918","02700008-02078","無","【效期屆滿】"
294,"傘類","富雨洋傘有限公司","28139315","平安圓舞曲-紫","1213H-紫(紫)","20190918","02700008-02077","無","【效期屆滿】"
295,"傘類","富雨洋傘有限公司","28139315","平安圓舞曲-藍","1213H-藍(藍)","20190918","02700008-02076","無","【效期屆滿】"
296,"傘類","富雨洋傘有限公司","28139315","咖啡色玻纖防風自動高爾夫球傘","GA2701-咖啡","20180224","02700008-02046","無","【效期屆滿】"
297,"傘類","富雨洋傘有限公司","28139315","黑色玻纖防風自動高爾夫球傘","GA2701-黑","20180224","02700008-02047","無","【效期屆滿】"
298,"傘類","富雨洋傘有限公司","28139315","可調式自動直傘-阿里山粉色","O02-粉","20180224","02700008-02048","無","【效期屆滿】"
299,"傘類","富雨洋傘有限公司","28139315","可調式自動直傘-阿里山藍色","O02-藍","20180224","02700008-02049","無","【效期屆滿】"
300,"傘類","富雨洋傘有限公司","28139315","高爾夫自動直傘","GA23(綠白)","20230329","02700008-02121","聯邦銀行","【效期屆滿】"
301,"傘類","富雨洋傘有限公司","28139315","超輕收自動傘","H50(灰)","20230816","02700008-02122","富雨洋傘","【效期屆滿】"
302,"傘類","富雨洋傘有限公司","28139315","23""X8K自動三折傘","H48","20230906","02700008-02123","-","【效期屆滿】"
303,"傘類","富雨洋傘有限公司","28139315","高鐵列車","高鐵列車(灰色)","20231007","02700008-02124","富雨洋傘","【效期屆滿】"
304,"傘類","富雨洋傘有限公司","28139315","27""×8K自動三折傘","RS01-IV(米白色)","20231101","02700008-02125","富雨洋傘","【效期屆滿】"
305,"傘類","富雨洋傘有限公司","28139315","27""×8K自動三折傘","RS01-BK(黑色)","20231101","02700008-02126","富雨洋傘","【效期屆滿】"
306,"傘類","富雨洋傘有限公司","28139315","27""×8K自動三折傘","RS01-GR(深灰色)","20231101","02700008-02127","富雨洋傘","【效期屆滿】"
307,"傘類","富雨洋傘有限公司","28139315","27""×8K自動三折傘","RS01-T.GE(綠色)","20231101","02700008-02128","富雨洋傘","【效期屆滿】"
308,"傘類","富雨洋傘有限公司","28139315","27""×8K自動三折傘","RS01-D.BU(深藍色)","20231101","02700008-02129","富雨洋傘","【效期屆滿】"
309,"傘類","富雨洋傘有限公司","28139315","27""×8K自動三折傘","RS01(紫色)","20231101","02700008-02130","富雨洋傘","【效期屆滿】"
310,"傘類","富雨洋傘有限公司","28139315","27""×8K自動三折傘","RS01-L.BU(水藍色)","20231101","02700008-02131","富雨洋傘","【效期屆滿】"
311,"傘類","富雨洋傘有限公司","28139315","27""×8K自動三折傘","RS01-RE(紅色)","20231101","02700008-02132","富雨洋傘","【效期屆滿】"
312,"傘類","富雨洋傘有限公司","28139315","M30-米白色","M30-WH(米白色)","20231209","02700008-02133","富雨洋傘","【效期屆滿】"
313,"傘類","富雨洋傘有限公司","28139315","M30-紅色","M30-RE(紅色)","20231209","02700008-02134","富雨洋傘","【效期屆滿】"
314,"傘類","富雨洋傘有限公司","28139315","M30-水藍色","M30-L.BU(冰藍色)","20231209","02700008-02135","富雨洋傘","【效期屆滿】"
315,"傘類","富雨洋傘有限公司","28139315","M30-深藍色","M30-D.BU(深藍色)","20231209","02700008-02136","富雨洋傘","【效期屆滿】"
316,"傘類","富雨洋傘有限公司","28139315","M30-黑色","M30-BK(黑色)","20231209","02700008-02137","富雨洋傘","【效期屆滿】"
317,"傘類","富雨洋傘有限公司","28139315","M30-灰色","M30-GR(灰色)","20231209","02700008-02138","富雨洋傘","【效期屆滿】"
318,"傘類","富雨洋傘有限公司","28139315","M30-T綠色","M30-T.GE(綠色)","20231209","02700008-02139","富雨洋傘","【效期屆滿】"
319,"傘類","富雨洋傘有限公司","28139315","M30-紫色","M30-PU(紫色)","20231209","02700008-02140","富雨洋傘","【效期屆滿】"
320,"傘類","富雨洋傘有限公司","28139315","H50-米白色","H50-IV(米白色)","20231209","02700008-02141","富雨洋傘","【效期屆滿】"
321,"傘類","富雨洋傘有限公司","28139315","H50-T綠色","H50-T.GE(綠色)","20231209","02700008-02142","富雨洋傘","【效期屆滿】"
322,"傘類","富雨洋傘有限公司","28139315","H50-紅色","H50-RE(紅色)","20231209","02700008-02143","富雨洋傘","【效期屆滿】"
323,"傘類","富雨洋傘有限公司","28139315","H50-紫色","H50-PU(紫色)","20231209","02700008-02144","富雨洋傘","【效期屆滿】"
324,"傘類","富雨洋傘有限公司","28139315","H50-水藍色","H50-L.BU(水藍色)","20231209","02700008-02145","富雨洋傘","【效期屆滿】"
325,"傘類","富雨洋傘有限公司","28139315","H50-深藍色","H50-D.BU(深藍色)","20231209","02700008-02146","富雨洋傘","【效期屆滿】"
326,"傘類","富雨洋傘有限公司","28139315","H50-灰色","H50-GR(深灰色)","20231209","02700008-02147","富雨洋傘","【效期屆滿】"
327,"傘類","富雨洋傘有限公司","28139315","H50-黑色","H50-BK(黑色)","20231209","02700008-02148","富雨洋傘","【效期屆滿】"
328,"傘類","富雨洋傘有限公司","28139315","HS05-米白色","HS05-IV(米白色)","20231209","02700008-02149","富雨洋傘","【效期屆滿】"
329,"傘類","富雨洋傘有限公司","28139315","HS05-T綠色","HS05-T.GE(綠色)","20231209","02700008-02150","富雨洋傘","【效期屆滿】"
330,"傘類","富雨洋傘有限公司","28139315","HS05-紅色","HS05-RE(紅色)","20231209","02700008-02151","富雨洋傘","【效期屆滿】"
331,"傘類","富雨洋傘有限公司","28139315","HS05-水藍色","HS05-L.BU(水藍色)","20231209","02700008-02152","富雨洋傘","【效期屆滿】"
332,"傘類","富雨洋傘有限公司","28139315","HS05-黑色","HS05-BK(黑色)","20231209","02700008-02153","富雨洋傘","【效期屆滿】"
333,"傘類","富雨洋傘有限公司","28139315","HS05-紫色","HS05-PU(紫色)","20231209","02700008-02154","富雨洋傘","【效期屆滿】"
334,"傘類","富雨洋傘有限公司","28139315","HS50-深藍色","HS05-D.BU(深藍色)","20231209","02700008-02155","富雨洋傘","【效期屆滿】"
335,"傘類","富雨洋傘有限公司","28139315","HS05-灰色","HS05-GR(灰色)","20231209","02700008-02156","富雨洋傘","【效期屆滿】"
336,"傘類","富雨洋傘有限公司","28139315","IF19-米白色","IF19-IV(米白色)","20231209","02700008-02157","富雨洋傘","【效期屆滿】"
337,"傘類","富雨洋傘有限公司","28139315","IF19-T綠色","IF19-T.GE(T綠色)","20231209","02700008-02158","富雨洋傘","【效期屆滿】"
338,"傘類","富雨洋傘有限公司","28139315","IF19-紅色","IF19-RE(紅色)","20231209","02700008-02159","富雨洋傘","【效期屆滿】"
339,"傘類","富雨洋傘有限公司","28139315","IF19-紫色","IF19-PU(紫色)","20231209","02700008-02160","富雨洋傘","【效期屆滿】"
340,"傘類","富雨洋傘有限公司","28139315","IF19-深藍色","IF19-D.BU(深藍色)","20231209","02700008-02161","富雨洋傘","【效期屆滿】"
341,"傘類","富雨洋傘有限公司","28139315","IF19-水藍色","IF-19-L.BU(水藍色)","20231209","02700008-02162","富雨洋傘","【效期屆滿】"
342,"傘類","富雨洋傘有限公司","28139315","IF19-灰色","IF19-GR(灰色)","20231209","02700008-02163","富雨洋傘","【效期屆滿】"
343,"傘類","富雨洋傘有限公司","28139315","IF19-黑色","IF19-BK(黑色)","20231209","02700008-02164","富雨洋傘","【效期屆滿】"
344,"傘類","富雨洋傘有限公司","28139315","GL2702-黑色","GL2702-BK(黑)","20231209","02700008-02165","富雨洋傘","【效期屆滿】"
345,"傘類","富雨洋傘有限公司","28139315","GL2702-深藍色","GL2702-D.BU(深藍色)","20231209","02700008-02166","富雨洋傘","【效期屆滿】"
346,"傘類","富雨洋傘有限公司","28139315","GL2702-T綠色","GL2702-T.GE(T綠色)","20231209","02700008-02167","富雨洋傘","【效期屆滿】"
347,"傘類","富雨洋傘有限公司","28139315","GL2702-灰色","GL2702-GR(灰色)","20231209","02700008-02168","富雨洋傘","【效期屆滿】"
348,"傘類","富雨洋傘有限公司","28139315","132","13","20241215","02700008-02171","-","【有效】"
349,"傘類","富雨洋傘有限公司","28139315","中國信託","GL30-(無印)(綠白)","20241222","02700008-02172","中國信託","【有效】"
350,"傘類","富雨洋傘有限公司","28139315","中國信託","GL30-印(小字)(綠白)","20241222","02700008-02173","中國信託","【有效】"
351,"傘類","富雨洋傘有限公司","28139315","中國信託","GL30-印(大字)(綠白)","20241222","02700008-02174","中國信託","【有效】"
352,"傘類","富雨洋傘有限公司","28139315","27""X8K自動直傘","GA2701-混色(黑)","20241222","02700008-02175","富雨洋傘","【有效】"
353,"傘類","富雨洋傘有限公司","28139315","23""X8K自動三折傘","H01-藍色(藍色)","20241222","02700008-02176","富雨洋傘","【有效】"
354,"傘類","富雨洋傘有限公司","28139315","0918三折手開傘","M0918(粉)","20241011","02700008-02170","0918","【有效】"
355,"傘類","富雨洋傘有限公司","28139315","台灣高鐵-桔","H50-OR(桔)","20240307","02700008-02169","台灣高鐵","【有效】"
356,"傘類","富雨洋傘有限公司","28139315","深藍色玻纖防風自動高爾夫球傘","GA2701-藍(藍)","20170825","02700008-02035","無","【效期屆滿】"
357,"傘類","富雨洋傘有限公司","28139315","灰色玻纖防風自動高爾夫球傘","GA2701-灰(灰)","20170825","02700008-02036","無","【效期屆滿】"
358,"傘類","富雨洋傘有限公司","28139315","紅色玻纖防風自動高爾夫球傘","GA2701-紅(紅)","20170825","02700008-02037","無","【效期屆滿】"
359,"傘類","富雨洋傘有限公司","28139315","黃色玻纖防風自動高爾夫球傘","GA2701-黃(黃)","20170825","02700008-02038","無","【效期屆滿】"
360,"傘類","富雨洋傘有限公司","28139315","橄欖綠玻纖防風自動高爾夫球傘","GA2701-橄欖綠(橄欖綠)","20170825","02700008-02039","無","【效期屆滿】"
361,"傘類","富雨洋傘有限公司","28139315","水藍色玻纖防風自動高爾夫球傘","GA2701-水藍(水藍)","20170825","02700008-02040","無","【效期屆滿】"
362,"傘類","富雨洋傘有限公司","28139315","綠色88節三折自動開收傘","H10-綠(綠)","20170825","02700008-02033","無","【效期屆滿】"
363,"傘類","富雨洋傘有限公司","28139315","黃色88節三折自動開收傘","H10-黃(黃)","20170825","02700008-02034","無","【效期屆滿】"
364,"傘類","富雨洋傘有限公司","28139315","自動高爾夫球傘-灰色","GA2702-灰(灰)","20170825","02700008-02031","無","【效期屆滿】"
365,"傘類","富雨洋傘有限公司","28139315","自動高爾夫球傘-藍色","GA2702-藍(藍)","20170825","02700008-02032","無","【效期屆滿】"
366,"傘類","富雨洋傘有限公司","28139315","彎把自動高爾夫球傘-灰色","GA2703-灰(灰)","20170825","02700008-02029","無","【效期屆滿】"
367,"傘類","富雨洋傘有限公司","28139315","彎把自動高爾夫球傘-藍色","GA2703-藍(藍)","20170825","02700008-02030","無","【效期屆滿】"
368,"傘類","富雨洋傘有限公司","28139315","88節自動淑女直傘-黑","F01-黑(黑)","20170825","02700008-02027","無","【效期屆滿】"
369,"傘類","富雨洋傘有限公司","28139315","88節自動淑女直傘-黃","F01-黃(黃)","20170825","02700008-02028","無","【效期屆滿】"
370,"傘類","富雨洋傘有限公司","28139315","黃色超潑水自動折傘","H01-黃(黃)","20170813","02700008-02041","無","【效期屆滿】"
371,"傘類","富雨洋傘有限公司","28139315","造型直骨傘","14-162(墨綠色)","20161117","02700008-02003","-","【效期屆滿】"
372,"傘類","富雨洋傘有限公司","28139315","咖啡色超潑水自動折傘","H01-咖啡(咖啡)","20170330","02700008-02011","無","【效期屆滿】"
373,"傘類","富雨洋傘有限公司","28139315","黑色超潑水自動折傘","H01-黑(黑)","20170330","02700008-02012","無","【效期屆滿】"
374,"傘類","富雨洋傘有限公司","28139315","灰色超潑水自動折傘","H01-灰(灰)","20170330","02700008-02004","無","【效期屆滿】"
375,"傘類","富雨洋傘有限公司","28139315","水藍色超潑水自動折傘","H01-水藍(水藍)","20170330","02700008-02005","無","【效期屆滿】"
376,"傘類","富雨洋傘有限公司","28139315","粉紅色超潑水自動折傘","H01-粉紅(粉紅)","20170330","02700008-02006","無","【效期屆滿】"
377,"傘類","富雨洋傘有限公司","28139315","深藍三折自動開收聖誕節傘","1213H-深藍(深藍)","20170330","02700008-02007","無","【效期屆滿】"
378,"傘類","富雨洋傘有限公司","28139315","粉紅三折自動開收聖誕節傘","1213H-粉紅(粉紅)","20170330","02700008-02008","無","【效期屆滿】"
379,"傘類","富雨洋傘有限公司","28139315","淺綠三折自動開收聖誕節傘","1213H-淺綠(淺綠)","20170330","02700008-02009","無","【效期屆滿】"
380,"傘類","富雨洋傘有限公司","28139315","橄欖綠超潑水自動折傘","H01-橄欖綠(橄欖綠)","20170330","02700008-02010","無","【效期屆滿】"
381,"傘類","富雨洋傘有限公司","28139315","藍色扇形火車紀念傘","1212H-藍(藍)","20170520","02700008-02015","無","【效期屆滿】"
382,"傘類","富雨洋傘有限公司","28139315","桔色扇形火車紀念傘","1212H-桔(桔)","20170520","02700008-02016","無","【效期屆滿】"
383,"傘類","富雨洋傘有限公司","28139315","超潑水自動折傘-紅","H01-紅(紅)","20170520","02700008-02014","無","【效期屆滿】"
384,"傘類","富雨洋傘有限公司","28139315","聯邦銀行高爾夫自動直傘","GA23(藍白)","20170518","02700008-02013","無","【效期屆滿】"
385,"傘類","富雨洋傘有限公司","28139315","藍色超潑水超大自動折傘","R03-藍(藍)","20170706","02700008-02024","無","【效期屆滿】"
386,"傘類","富雨洋傘有限公司","28139315","黑色超潑水超大自動折傘","R03-黑(黑)","20170706","02700008-02025","無","【效期屆滿】"
387,"傘類","富雨洋傘有限公司","28139315","灰色超潑水超大自動折傘","R03-灰(灰)","20170706","02700008-02026","無","【效期屆滿】"
388,"傘類","富雨洋傘有限公司","28139315","灰色88節三折自動開收傘","H10-灰(灰)","20170706","02700008-02023","無","【效期屆滿】"
389,"傘類","富雨洋傘有限公司","28139315","粉色阿里山自動開收折傘","H04-粉(粉紅)","20170706","02700008-02022","無","【效期屆滿】"
390,"傘類","富雨洋傘有限公司","28139315","88節自動淑女直傘-綠","F01-綠(綠)","20170706","02700008-02020","無","【效期屆滿】"
391,"傘類","富雨洋傘有限公司","28139315","88節自動淑女直傘-藍","F01-藍(藍)","20170706","02700008-02021","無","【效期屆滿】"
392,"傘類","富雨洋傘有限公司","28139315","阿里山自動開收折傘-藍","H04-藍(藍)","20170706","02700008-02019","無","【效期屆滿】"
393,"傘類","富雨洋傘有限公司","28139315","88節三折自動開收傘-藍","H10-藍(藍)","20170706","02700008-02018","無","【效期屆滿】"
394,"傘類","富雨洋傘有限公司","28139315","龍寶高爾夫","GA2701-龍寶(灰)","20170706","02700008-02017","無","【效期屆滿】"
395,"傘類","富雨洋傘有限公司","28139315","聯邦銀行-1","GA23自動直骨傘(綠白相間)","20171207","02700008-02042","無","【效期屆滿】"
396,"傘類","富雨洋傘有限公司","28139315","PORTER自動傘","H40(藍 紫)","20180126","02700008-02043","無","【效期屆滿】"
397,"傘類","富雨洋傘有限公司","28139315","PORTER自動傘-1","H40-1(藍 )","20180126","02700008-02044","無","【效期屆滿】"
398,"傘類","富雨洋傘有限公司","28139315","神韻女傘16","NX21(藍色)","20180224","02700008-02045","無","【效期屆滿】"
399,"傘類","富雨洋傘有限公司","28139315","台中酒廠-1","GA23自動直骨傘(黃色)","20180407","02700008-02050","無","【效期屆滿】"
400,"傘類","富雨洋傘有限公司","28139315","台中酒廠-3","GA23自動直骨傘(綠)","20180407","02700008-02051","無","【效期屆滿】"
401,"傘類","富雨洋傘有限公司","28139315","自動防風高爾夫傘-灰","GGA3001-灰(灰)","20180429","02700008-02053","無","【效期屆滿】"
402,"傘類","富雨洋傘有限公司","28139315","自動防風高爾夫傘-黑","GGA3001-黑(黑)","20180429","02700008-02054","無","【效期屆滿】"
403,"傘類","富雨洋傘有限公司","28139315","自動防風高爾夫傘-藍","GGA3001-藍(藍)","20180429","02700008-02052","無","【效期屆滿】"
404,"傘類","富雨洋傘有限公司","28139315","台中酒廠-2","GA23自動直骨傘  (深紫)","20180608","02700008-02055","無","【效期屆滿】"
405,"傘類","富雨洋傘有限公司","28139315","高雄地圖傘","GA23自動直骨傘(綠)","20181019","02700008-02057","無","【效期屆滿】"
406,"傘類","富雨洋傘有限公司","28139315","海底世界","GA23自動直骨傘(水藍)","20181123","02700008-02058","無","【效期屆滿】"
407,"傘類","富雨洋傘有限公司","28139315","藍色超潑水自動折傘","H01-藍(藍)","20190116","02700008-02059","無","【效期屆滿】"
408,"傘類","富雨洋傘有限公司","28139315","藍色超潑水自動折傘","H01-45(藍)","20180714","02700008-02056","無","【效期屆滿】"
409,"傘類","富雨洋傘有限公司","28139315","HK粉紅自動開收","HK-PINK(粉紅)","20161015","02700008-02001","無","【效期屆滿】"
410,"傘類","富雨洋傘有限公司","28139315","HKk藍色自動開收","HKK-blue(天空藍)","20161029","02700008-02002","無","【效期屆滿】"
411,"傘類","富雨洋傘有限公司","28139315","反向自動折傘","C01(深藍)","20190511","02700008-02060","無","【效期屆滿】"
412,"傘類","富雨洋傘有限公司","28139315","勤奮做舟","17-009A23(藍)","20190616","02700008-02061","無","【效期屆滿】"
413,"傘類","富雨洋傘有限公司","28139315","超潑水自動直骨傘-水藍","GA2701-水藍(水藍)","20190927","02700008-02082","無","【效期屆滿】"
414,"傘類","富雨洋傘有限公司","28139315","超潑水自動直骨傘-灰","GA2701-灰(灰)","20190927","02700008-02083","無","【效期屆滿】"
415,"傘類","富雨洋傘有限公司","28139315","超潑水自動直骨傘-紅","GA2701-紅(紅)","20190927","02700008-02084","無","【效期屆滿】"
416,"傘類","富雨洋傘有限公司","28139315","超潑水自動直骨傘-黃","GA2701-黃(黃)","20190927","02700008-02085","無","【效期屆滿】"
417,"傘類","富雨洋傘有限公司","28139315","超潑水自動直骨傘-黑","GA2701-黑(黑)","20190927","02700008-02086","無","【效期屆滿】"
418,"傘類","富雨洋傘有限公司","28139315","超潑水自動直骨傘-藍","GA2701-藍(藍)","20190927","02700008-02087","無","【效期屆滿】"
419,"傘類","富雨洋傘有限公司","28139315","超潑水自動直骨傘-咖啡","GA2701-咖啡(咖啡)","20190927","02700008-02088","無","【效期屆滿】"
420,"傘類","富雨洋傘有限公司","28139315","超潑水自動直骨傘-橄欖綠","GA2701-橄欖綠(橄欖綠)","20190927","02700008-02089","無","【效期屆滿】"
421,"傘類","富雨洋傘有限公司","28139315","皮質把自動直骨傘-灰","GA2702-灰(灰)","20190927","02700008-02090","無","【效期屆滿】"
422,"傘類","富雨洋傘有限公司","28139315","皮質把自動直骨傘-藍","GA2702-藍(藍)","20190927","02700008-02091","無","【效期屆滿】"
423,"傘類","富雨洋傘有限公司","28139315","30吋雙層直傘-灰","GGA30-灰(灰)","20190927","02700008-02079","無","【效期屆滿】"
424,"傘類","富雨洋傘有限公司","28139315","30吋雙層直傘-藍","GGA30-藍(藍)","20190927","02700008-02080","無","【效期屆滿】"
425,"傘類","富雨洋傘有限公司","28139315","30吋雙層直傘-黑","GGA30-黑(黑)","20190927","02700008-02081","無","【效期屆滿】"
426,"傘類","富雨洋傘有限公司","28139315","阿里山傘-粉","O02-粉(粉)","20190927","02700008-02092","無","【效期屆滿】"
427,"傘類","富雨洋傘有限公司","28139315","阿里山傘-藍","O02-藍(藍)","20190927","02700008-02093","無","【效期屆滿】"
428,"傘類","富雨洋傘有限公司","28139315","27吋三折自動傘-灰","R03-灰(灰)","20190927","02700008-02094","無","【效期屆滿】"
429,"傘類","富雨洋傘有限公司","28139315","27吋三折自動傘-黑","R03-黑(黑)","20190927","02700008-02095","無","【效期屆滿】"
430,"傘類","富雨洋傘有限公司","28139315","27吋三折自動傘-藍","R03-藍(藍)","20190927","02700008-02096","無","【效期屆滿】"
431,"傘類","富雨洋傘有限公司","28139315","單層自動高爾夫傘-藍","GA27","20140612","02700008-00001","無","【效期屆滿】"
432,"傘類","富雨洋傘有限公司","28139315","超細抗UV晴雨兩用傘-金","NS19","20140612","02700008-00002","無","【效期屆滿】"
433,"傘類","富雨洋傘有限公司","28139315","8K三折自動開收傘-黑","H02","20140612","02700008-00003","無","【效期屆滿】"
434,"傘類","富雨洋傘有限公司","28139315","自動高爾夫球傘-黃","GL27","20140612","02700008-00004","無","【效期屆滿】"
435,"傘類","富雨洋傘有限公司","28139315","三折手開晴雨兩用傘深藍","XR01深藍","20150806","02700008-00041","F-seasons","【效期屆滿】"
436,"傘類","富雨洋傘有限公司","28139315","三折手開晴雨兩用傘咖啡","XR01咖啡","20150806","02700008-00042","F-seasons","【效期屆滿】"
437,"傘類","富雨洋傘有限公司","28139315","三折手開晴雨兩用傘橄欖綠","XR01橄欖綠","20150806","02700008-00043","F-seasons","【效期屆滿】"
438,"傘類","富雨洋傘有限公司","28139315","三折手開晴雨兩用傘黑色","XR01黑色","20150806","02700008-00044","F-seasons","【效期屆滿】"
439,"傘類","富雨洋傘有限公司","28139315","三折手開晴雨兩用傘深灰","XR01深灰","20150806","02700008-00045","F-seasons","【效期屆滿】"
440,"傘類","富雨洋傘有限公司","28139315","三折自動開收-粉紅","H19粉紅","20150806","02700008-00046","F-seasons","【效期屆滿】"
441,"傘類","富雨洋傘有限公司","28139315","三折自動開收-藍","H19藍","20150806","02700008-00047","F-seasons","【效期屆滿】"
442,"傘類","富雨洋傘有限公司","28139315","三折自動開收-綠","H19綠","20150806","02700008-00048","F-seasons","【效期屆滿】"
443,"傘類","富雨洋傘有限公司","28139315","三折自動開收-紫","H19紫","20150806","02700008-00049","F-seasons","【效期屆滿】"
444,"傘類","富雨洋傘有限公司","28139315","自動直傘","7403119","20151008","02700008-00050","F-seasons","【效期屆滿】"
445,"傘類","富雨洋傘有限公司","28139315","三折手開晴雨兩用傘","U02002","20151030","02700008-00051","F-seasons","【效期屆滿】"
446,"傘類","富雨洋傘有限公司","28139315","學用雨傘","學用雨傘(紅)","20160102","02700008-00052","F-seasons","【效期屆滿】"
447,"傘類","富雨洋傘有限公司","28139315","遮陽防風傘","遮陽防風傘(藍白)","20160114","02700008-00053","F-seasons","【效期屆滿】"
448,"傘類","富雨洋傘有限公司","28139315","三折自動開收傘+黑色","H01-69黑色","20150403","02700008-00026","F-seasons","【效期屆滿】"
449,"傘類","富雨洋傘有限公司","28139315","三折自動開收傘+灰色","H01-60灰色","20150403","02700008-00027","F-seasons","【效期屆滿】"
450,"傘類","富雨洋傘有限公司","28139315","三折自動開收傘+咖啡","H01-59咖啡","20150403","02700008-00028","F-seasons","【效期屆滿】"
451,"傘類","富雨洋傘有限公司","28139315","三折自動開收傘+紅色","H01-53紅色","20150403","02700008-00029","F-seasons","【效期屆滿】"
452,"傘類","富雨洋傘有限公司","28139315","三折自動開收傘+橄欖綠","H01-26橄欖綠","20150403","02700008-00030","F-seasons","【效期屆滿】"
453,"傘類","富雨洋傘有限公司","28139315","三折自動開收傘+藍色","H01-45藍色","20150403","02700008-00031","F-seasons","【效期屆滿】"
454,"傘類","富雨洋傘有限公司","28139315","三折自動開收傘+桔色","1212H-1桔色","20150403","02700008-00032","F-seasons","【效期屆滿】"
455,"傘類","富雨洋傘有限公司","28139315","三折手開晴雨兩用傘+粉紅","PNS05粉紅","20150403","02700008-00033","F-seasons","【效期屆滿】"
456,"傘類","富雨洋傘有限公司","28139315","三折自動開收傘+綠色","1213H綠色","20150403","02700008-00034","F-seasons","【效期屆滿】"
457,"傘類","富雨洋傘有限公司","28139315","三折自動開收傘+藍色","1213H藍色","20150403","02700008-00035","F-seasons","【效期屆滿】"
458,"傘類","富雨洋傘有限公司","28139315","手開超輕直骨傘+綠色","X500831-03(GL2701-02綠色)","20150619","02700008-00036","F-seasons","【效期屆滿】"
459,"傘類","富雨洋傘有限公司","28139315","手開超輕直骨傘+粉色","X500831-04(GL2701-15粉色)","20150619","02700008-00037","F-seasons","【效期屆滿】"
460,"傘類","富雨洋傘有限公司","28139315","手開超輕直骨傘+灰色","X500831-09(GL2701-60灰色)","20150619","02700008-00038","F-seasons","【效期屆滿】"
461,"傘類","富雨洋傘有限公司","28139315","手開超輕直骨傘+籃色","X500831-02(GL2701-42籃色)","20150619","02700008-00039","F-seasons","【效期屆滿】"
462,"傘類","富雨洋傘有限公司","28139315","手開超輕直骨傘+黃色","X500831-05(GL2701-75黃色)","20150619","02700008-00040","F-seasons","【效期屆滿】"
463,"傘類","富雨洋傘有限公司","28139315","三折手開晴雨兩用傘-紫","PNS02","20140920","02700008-00005","無","【效期屆滿】"
464,"傘類","富雨洋傘有限公司","28139315","單層自動高爾夫球傘(直)","GA27","20140921","02700008-00006","無","【效期屆滿】"
465,"傘類","富雨洋傘有限公司","28139315","自動淑女直傘","F01","20140921","02700008-00007","無","【效期屆滿】"
466,"傘類","富雨洋傘有限公司","28139315","三折自動開收晴雨兩用傘-粉紅","H04","20140921","02700008-00008","無","【效期屆滿】"
467,"傘類","富雨洋傘有限公司","28139315","三折自動開收晴雨兩用傘-藍色","H04","20140921","02700008-00009","無","【效期屆滿】"
468,"傘類","富雨洋傘有限公司","28139315","三折自動開收晴雨兩用傘","H10","20140921","02700008-00010","無","【效期屆滿】"
469,"傘類","富雨洋傘有限公司","28139315","三折手開晴雨兩用傘-金","PNS02","20140921","02700008-00011","無","【效期屆滿】"
470,"傘類","富雨洋傘有限公司","28139315","自動晴雨兩用直傘","GA2705","20140921","02700008-00012","無","【效期屆滿】"
471,"傘類","富雨洋傘有限公司","28139315","三折自動開收晴雨兩用傘","H14","20140924","02700008-00013","無","【效期屆滿】"
472,"傘類","富雨洋傘有限公司","28139315","手開高爾夫球傘","GL27","20140926","02700008-00014","無","【效期屆滿】"
473,"傘類","富雨洋傘有限公司","28139315","扇形車庫-三折自動開收晴雨兩用傘","1212(H02)","20150114","02700008-00015","F-seasons","【效期屆滿】"
474,"傘類","富雨洋傘有限公司","28139315","扇形車庫-三折自動開收晴雨兩用傘","1211(IBS款)","20150114","02700008-00016","F-seasons","【效期屆滿】"
475,"傘類","富雨洋傘有限公司","28139315","三折自動開收晴雨兩用傘","R03藍","20150114","02700008-00017","F-seasons","【效期屆滿】"
476,"傘類","富雨洋傘有限公司","28139315","三折自動開收晴雨兩用傘","R03黑","20150114","02700008-00018","F-seasons","【效期屆滿】"
477,"傘類","富雨洋傘有限公司","28139315","三折自動開收晴雨兩用傘","R03灰","20150114","02700008-00019","F-seasons","【效期屆滿】"
478,"傘類","富雨洋傘有限公司","28139315","自動晴雨兩用直傘","GGA30黑","20150114","02700008-00020","F-seasons","【效期屆滿】"
479,"傘類","富雨洋傘有限公司","28139315","自動晴雨兩用直傘","GGA30藍","20150114","02700008-00021","F-seasons","【效期屆滿】"
480,"傘類","富雨洋傘有限公司","28139315","自動晴雨兩用直傘","GGA30灰","20150114","02700008-00022","F-seasons","【效期屆滿】"
481,"傘類","富雨洋傘有限公司","28139315","可調式自動拐杖傘","O02咖啡色","20150114","02700008-00023","F-seasons","【效期屆滿】"
482,"傘類","富雨洋傘有限公司","28139315","可調式自動拐杖傘","O02粉紅色","20150114","02700008-00024","F-seasons","【效期屆滿】"
483,"傘類","富雨洋傘有限公司","28139315","可調式自動拐杖傘","O02藍色","20150114","02700008-00025","F-seasons","【效期屆滿】"
484,"傘類","廣德興紙傘店","70975476","廣德興紙傘","1尺5寸","20140625","02700009-00001","無","【效期屆滿】"
485,"傘類","廣德興紙傘店","70975476","廣德興紙傘","8寸","20140625","02700009-00002","無","【效期屆滿】"
486,"傘類","廣德興紙傘店","70975476","廣德興紙傘","1尺","20140625","02700009-00003","無","【效期屆滿】"
487,"傘類","廣德興紙傘店","70975476","廣德興紙傘","1尺3寸","20140625","02700009-00004","無","【效期屆滿】"
488,"傘類","廣德興紙傘店","70975476","廣德興紙傘","1尺8寸","20140625","02700009-00005","無","【效期屆滿】"
489,"傘類","廣德興紙傘店","70975476","廣德興花布傘-紅","1尺5寸","20140625","02700009-00006","無","【效期屆滿】"
490,"傘類","廣德興紙傘店","70975476","油紙傘","1尺8吋(花)","20190829","02700009-02006","無","【效期屆滿】"
491,"傘類","廣德興紙傘店","70975476","布傘","1尺(花)","20190829","02700009-02007","無","【效期屆滿】"
492,"傘類","廣德興紙傘店","70975476","油紙傘","1尺5吋(花)","20190829","02700009-02008","無","【效期屆滿】"
493,"傘類","廣德興紙傘店","70975476","美濃油紙傘","8吋(綠竹)","20161022","02700009-02001","-","【效期屆滿】"
494,"傘類","廣德興紙傘店","70975476","美濃油紙傘","1尺(白梅)","20161022","02700009-02002","-","【效期屆滿】"
495,"傘類","廣德興紙傘店","70975476","美濃油紙傘","1尺3吋(紫牡丹)","20161022","02700009-02003","-","【效期屆滿】"
496,"傘類","廣德興紙傘店","70975476","美濃油紙傘","1尺5吋(黑公雞)","20161022","02700009-02004","-","【效期屆滿】"
497,"傘類","廣德興紙傘店","70975476","美濃油紙傘","1尺8吋(紅瓦屋)","20161022","02700009-02005","-","【效期屆滿】"
498,"傘類","廣德興紙傘店","70975476","油紙傘","8吋(花)","20190914","02700009-02009","無","【效期屆滿】"
499,"傘類","廣德興紙傘店","70975476","油紙傘","1尺(花)","20190914","02700009-02010","無","【效期屆滿】"
500,"傘類","廣德興紙傘店","70975476","花布傘","1尺5吋(花)","20190914","02700009-02011","無","【效期屆滿】"
501,"傘類","宏大實業股份有限公司","23236979","手開三折傘","21.5""(藍)","20201019","02700501-00006","無","【效期屆滿】"
502,"傘類","宏大實業股份有限公司","23236979","具行動充電晴雨傘","HD-001","20210417","02700501-00007","-","【效期屆滿】"
503,"傘類","宏大實業股份有限公司","23236979","CLASSIC VENTUS經典汎特傘","CLASSIC VENTUS經典汎特傘-黑(黑)","20221030","02700501-00008","DECUS","【效期屆滿】"
504,"傘類","宏大實業股份有限公司","23236979","MINI POCKET迷你仕幔傘","MINI POCKET迷你仕幔傘-紅(紅)","20221103","02700501-00009","DECUS","【效期屆滿】"
505,"傘類","宏大實業股份有限公司","23236979","MINI POCKET迷你仕幔傘","MINI POCKET迷你仕幔傘-藍(藍)","20221103","02700501-00010","DECUS","【效期屆滿】"
506,"傘類","宏大實業股份有限公司","23236979","MINI POCKET迷你仕幔傘","MINI POCKET迷你仕幔傘-海軍藍(海軍藍)","20221103","02700501-00011","DECUS","【效期屆滿】"
507,"傘類","宏大實業股份有限公司","23236979","MINI POCKET迷你仕幔傘","MINI POCKET迷你仕幔傘-綠(綠)","20221103","02700501-00012","DECUS","【效期屆滿】"
508,"傘類","宏大實業股份有限公司","23236979","MINI POCKET迷你仕幔傘","MINI POCKET迷你仕幔傘-灰(灰)","20221103","02700501-00013","DECUS","【效期屆滿】"
509,"傘類","宏大實業股份有限公司","23236979","MINI POCKET迷你仕幔傘","MINI POCKET迷你仕幔傘-黑(黑)","20221103","02700501-00014","DECUS","【效期屆滿】"
510,"傘類","宏大實業股份有限公司","23236979","POCKET AUTO時尚仕幔傘","POCKET AUTO時尚仕幔傘-紅(紅)","20221103","02700501-00015","DECUS","【效期屆滿】"
511,"傘類","宏大實業股份有限公司","23236979","POCKET AUTO時尚仕幔傘","POCKET AUTO時尚仕幔傘-藍(藍)","20221103","02700501-00016","DECUS","【效期屆滿】"
512,"傘類","宏大實業股份有限公司","23236979","POCKET AUTO時尚仕幔傘","POCKET AUTO時尚仕幔傘-海軍藍(海軍藍)","20221103","02700501-00017","DECUS","【效期屆滿】"
513,"傘類","宏大實業股份有限公司","23236979","POCKET AUTO時尚仕幔傘","POCKET AUTO時尚仕幔傘-綠(綠)","20221103","02700501-00018","DECUS","【效期屆滿】"
514,"傘類","宏大實業股份有限公司","23236979","POCKET AUTO時尚仕幔傘","POCKET AUTO時尚仕幔傘-灰(灰)","20221103","02700501-00019","DECUS","【效期屆滿】"
515,"傘類","宏大實業股份有限公司","23236979","POCKET AUTO時尚仕幔傘","POCKET AUTO時尚仕幔傘-黑(黑)","20221103","02700501-00020","DECUS","【效期屆滿】"
516,"傘類","宏大實業股份有限公司","23236979","CLASSIC WOODEN經典威登傘","CLASSIC WOODEN經典威登傘-紅(紅)","20221103","02700501-00021","DECUS","【效期屆滿】"
517,"傘類","宏大實業股份有限公司","23236979","CLASSIC WOODEN經典威登傘","CLASSIC WOODEN經典威登傘-海軍藍(海軍藍)","20221103","02700501-00022","DECUS","【效期屆滿】"
518,"傘類","宏大實業股份有限公司","23236979","CLASSIC WOODEN經典威登傘","CLASSIC WOODEN經典威登傘-灰(灰)","20221103","02700501-00023","DECUS","【效期屆滿】"
519,"傘類","宏大實業股份有限公司","23236979","CLASSIC WOODEN經典威登傘","CLASSIC WOODEN經典威登傘-黑(黑)","20221103","02700501-00024","DECUS","【效期屆滿】"
520,"傘類","宏大實業股份有限公司","23236979","全玻纖自動開高爾夫傘","30吋 X 8K 高爾夫傘(黑色)","20190118","02700501-00001","無","【效期屆滿】"
521,"傘類","宏大實業股份有限公司","23236979","23吋X8K 一體成型式木直傘","S230801(藍色)","20191011","02700501-00002","無","【效期屆滿】"
522,"傘類","宏大實業股份有限公司","23236979","23吋X8K 一體成型式木直傘","S230802(黑色)","20191011","02700501-00003","無","【效期屆滿】"
523,"傘類","宏大實業股份有限公司","23236979","21.5英吋X8K自動開收傘","F210801(黑色)","20191101","02700501-00004","無","【效期屆滿】"
524,"傘類","宏大實業股份有限公司","23236979","21.5英吋X8K自動開收傘","F210802(藍色)","20191101","02700501-00005","無","【效期屆滿】"
525,"傘類","國巨洋傘欣業有限公司","22270549","晴雨傘","-","20240517","02700502-00001","P+5","【有效】"
