﻿序號,產業別,獲證業者,統一編號,產品名稱,產品型號,產品效期,標章編號,品牌名稱,備註
1,"環境用藥","聯利農業科技股份有限公司","90538925","滅鼠靈","環署衛製字第1066號","20160714","03100004-00001","無","【效期屆滿】"
2,"環境用藥","聯利農業科技股份有限公司","90538925","淨家蟲","環署衛製字第1338號","20160714","03100004-00002","無","【效期屆滿】"
3,"環境用藥","聯利農業科技股份有限公司","90538925","毒鼠猛","環署衛製字第1551號","20160714","03100004-00003","無","【效期屆滿】"
4,"環境用藥","中台興化學工業股份有限公司","46036467","必安住自動噴霧殺蟲劑","環署衛製字第0560號","20160310","03100001-00001","無","【效期屆滿】"
5,"環境用藥","中台興化學工業股份有限公司","46036467","必安住水性跳蚤蟑螂藥","環署衛製字第1170號","20140401","03100001-00002","無","【效期屆滿】"
6,"環境用藥","中台興化學工業股份有限公司","46036467","必安住快速殺蟑劑","環署衛製字第1301號","20140401","03100001-00003","無","【效期屆滿】"
7,"環境用藥","中台興化學工業股份有限公司","46036467","必安住清爽型殺蟲劑","環署衛製字第1304號","20160310","03100001-00004","無","【效期屆滿】"
8,"環境用藥","中台興化學工業股份有限公司","46036467","必安住殺菌消毒劑","環署衛製字第1315號","20140401","03100001-00005","無","【效期屆滿】"
9,"環境用藥","中台興化學工業股份有限公司","46036467","鱷魚水性殺蟲劑","環署衛製字第1566號","20140401","03100001-00006","無","【效期屆滿】"
10,"環境用藥","中台興化學工業股份有限公司","46036467","鱷魚快速殺螨滅蟑劑","環署衛製字第1539號","20140401","03100001-00007","無","【效期屆滿】"
11,"環境用藥","中台興化學工業股份有限公司","46036467","恐龍水溶性自動噴霧殺蟲劑","環署衛製字第0773號","20140401","03100001-00008","無","【效期屆滿】"
12,"環境用藥","中台興化學工業股份有限公司","46036467","鱷魚淡煙蚊香","環署衛製字第1604號","20140401","03100001-00009","無","【效期屆滿】"
13,"環境用藥","中台興化學工業股份有限公司","46036467","鱷魚優液體電蚊香","環署衛製字第1607號","20160310","03100001-00010","無","【效期屆滿】"
14,"環境用藥","中台興化學工業股份有限公司","46036467","鱷魚液體電蚊香A","環署衛製字第1608號","20140401","03100001-00011","無","【效期屆滿】"
15,"環境用藥","中台興化學工業股份有限公司","46036467","新鱷魚蚊香A","環署衛製字第1618號","20140401","03100001-00012","無","【效期屆滿】"
16,"環境用藥","中台興化學工業股份有限公司","46036467","阿里巴巴水蒸式殺蟎滅蟑劑","環署衛製字第1759號","20160414","03100001-00013","無","【效期屆滿】"
17,"環境用藥","中台興化學工業股份有限公司","46036467","鱷王衣魚書蝨水蒸式殺蟲劑","環署衛製字第1915號","20140616","03100001-00014","無","【效期屆滿】"
18,"環境用藥","中台興化學工業股份有限公司","46036467","必安住水蒸式白蟻衣魚殺蟎滅蟑劑","環署衛製字第1916號","20140616","03100001-00015","無","【效期屆滿】"
19,"環境用藥","中台興化學工業股份有限公司","46036467","鱷魚A水蒸式殺蟎滅蟑劑","環署衛製字第1844號","20160414","03100001-00016","無","【效期屆滿】"
20,"環境用藥","中台興化學工業股份有限公司","46036467","鱷王水蒸式白蟻蟑蟎藥","環署衛製字第1845號","20160414","03100001-00017","無","【效期屆滿】"
21,"環境用藥","中台興化學工業股份有限公司","46036467","鱷魚水蒸式蟎蟑蚊蟻蚤藥","環署衛製字第1856號","20160414","03100001-00018","無","【效期屆滿】"
22,"環境用藥","中台興化學工業股份有限公司","46036467","必安住水蒸式殺蟲劑","環署衛製字第1177號","20160414","03100001-00019","無","【效期屆滿】"
23,"環境用藥","中台興化學工業股份有限公司","46036467","鱷魚新多功能自動噴霧殺蟲劑","環署衛製字第1912號","20140616","03100001-00020","無","【效期屆滿】"
24,"環境用藥","中台興化學工業股份有限公司","46036467","鱷王氣霧式殺蟲劑","環署衛製字第1926號","20140616","03100001-00021","無","【效期屆滿】"
25,"環境用藥","中台興化學工業股份有限公司","46036467","必安住水性噴霧殺蟲劑","環署衛製字第0933號","20160414","03100001-00022","無","【效期屆滿】"
26,"環境用藥","中台興化學工業股份有限公司","46036467","阿里巴巴液體電蚊香","環署衛製字第1796號","20160310","03100001-00023","無","【效期屆滿】"
27,"環境用藥","中台興化學工業股份有限公司","46036467","鱷魚液體電蚊香","環署衛製字第1119號","20160310","03100001-00024","無","【效期屆滿】"
28,"環境用藥","中台興化學工業股份有限公司","46036467","鱷魚水性液體電蚊香","環署衛製字第1804號","20160310","03100001-00025","無","【效期屆滿】"
29,"環境用藥","中台興化學工業股份有限公司","46036467","新恐龍百能蚊香","環署衛製字第1797號","20160310","03100001-00026","無","【效期屆滿】"
30,"環境用藥","中台興化學工業股份有限公司","46036467","新鱷魚零染料蚊香","環署衛製字第1794號","20160310","03100001-00027","無","【效期屆滿】"
31,"環境用藥","中台興化學工業股份有限公司","46036467","鱷魚紅蚊香","環署衛製字第1795號","20160310","03100001-00028","無","【效期屆滿】"
32,"環境用藥","中台興化學工業股份有限公司","46036467","鱷魚紫蚊香","環署衛製字第1799號","20160310","03100001-00029","無","【效期屆滿】"
33,"環境用藥","中台興化學工業股份有限公司","46036467","必安住水蒸式殺螨滅蟑劑","環署衛製字第1260號","20160310","03100001-00030","無","【效期屆滿】"
34,"環境用藥","中台興化學工業股份有限公司","46036467","必安住快速氣霧式殺蟲劑","環署衛製字第1778號","20160310","03100001-00031","無","【效期屆滿】"
35,"環境用藥","中台興化學工業股份有限公司","46036467","必安住跳蚤蟑螂藥","環署衛製字第1123號","20160310","03100001-00032","無","【效期屆滿】"
36,"環境用藥","中台興化學工業股份有限公司","46036467","必安住水性蟑螂螞蟻藥","環署衛製字第1240號","20160310","03100001-00033","無","【效期屆滿】"
37,"環境用藥","中台興化學工業股份有限公司","46036467","必安住白蟻蟑螂跳蚤藥","環署衛製字第1815號","20160310","03100001-00034","無","【效期屆滿】"
38,"環境用藥","中台興化學工業股份有限公司","46036467","鱷魚白蟻蟑螨蟻蚤藥","環署衛製字第2010號","20160310","03100001-00035","無","【效期屆滿】"
39,"環境用藥","中台興化學工業股份有限公司","46036467","新鱷魚多功能氣霧式殺蟲劑","環署衛製字第1809號","20160310","03100001-00036","無","【效期屆滿】"
40,"環境用藥","中台興化學工業股份有限公司","46036467","紅恐龍蟑螂螞蟻藥","環署衛製字第0961號","20160310","03100001-00037","無","【效期屆滿】"
41,"環境用藥","澄朗興業有限公司","12718942","擒鼠皇","環署衛製字第1513號","20150805","03100002-00030","無","【效期屆滿】"
42,"環境用藥","澄朗興業有限公司","12718942","不螨族","環署衛製字第1651號","20150805","03100002-00031","無","【效期屆滿】"
43,"環境用藥","澄朗興業有限公司","12718942","佳寧","環署衛製字第1671號","20150805","03100002-00032","無","【效期屆滿】"
44,"環境用藥","澄朗興業有限公司","12718942","得力興速倍達","環署衛製字第1723號","20150805","03100002-00033","無","【效期屆滿】"
45,"環境用藥","澄朗興業有限公司","12718942","俘蟲霸","環署衛製字第1725號","20150805","03100002-00034","無","【效期屆滿】"
46,"環境用藥","澄朗興業有限公司","12718942","興農殺蟲粉劑","環署衛製字第1947號","20150805","03100002-00035","無","【效期屆滿】"
47,"環境用藥","澄朗興業有限公司","12718942","保第靈","環署衛製字第1973號","20150805","03100002-00036","無","【效期屆滿】"
48,"環境用藥","澄朗興業有限公司","12718942","治冠靈","環署衛製字第1999號","20150805","03100002-00037","無","【效期屆滿】"
49,"環境用藥","澄朗興業有限公司","12718942","得恩寧殺蟲劑","環署衛製字第2004號","20150805","03100002-00038","無","【效期屆滿】"
50,"環境用藥","澄朗興業有限公司","12718942","終絕蟻家","環署衛製字第2008號","20150805","03100002-00039","無","【效期屆滿】"
51,"環境用藥","澄朗興業有限公司","12718942","百克寧","環署衛製字第2012號","20150805","03100002-00040","無","【效期屆滿】"
52,"環境用藥","澄朗興業有限公司","12718942","蟻巢淨","環署衛製字第1457號","20240623","03100002-02016","-","【有效】"
53,"環境用藥","澄朗興業有限公司","12718942","斷蟻","環署衛製字第1469號","20240623","03100002-02017","-","【有效】"
54,"環境用藥","澄朗興業有限公司","12718942","白蟻攻法","環署衛製字第1717號","20240623","03100002-02018","-","【有效】"
55,"環境用藥","澄朗興業有限公司","12718942","全巢淨","環署衛製字第1739號","20240623","03100002-02019","-","【有效】"
56,"環境用藥","澄朗興業有限公司","12718942","鼠煞","環署衛製字第1456號","20240623","03100002-02002","-","【有效】"
57,"環境用藥","澄朗興業有限公司","12718942","百蟲寧殺蟲粉劑","環署衛製字第1471號","20240623","03100002-02003","-","【有效】"
58,"環境用藥","澄朗興業有限公司","12718942","全鼠滅","環署衛製字第1479號","20240623","03100002-02004","-","【有效】"
59,"環境用藥","澄朗興業有限公司","12718942","寧效安","環署衛製字第1734號","20240623","03100002-02009","-","【有效】"
60,"環境用藥","澄朗興業有限公司","12718942","新拜安","環署衛製字第1740號","20240623","03100002-02010","-","【有效】"
61,"環境用藥","澄朗興業有限公司","12718942","無蟑道加強餌","環署衛製字第1746號","20240623","03100002-02011","-","【有效】"
62,"環境用藥","澄朗興業有限公司","12718942","點點殺蟑","環署衛製字第1747號","20250623","03100002-02012","-","【有效】"
63,"環境用藥","澄朗興業有限公司","12718942","鼠魔餌A+","環署衛製字第1749號","20240623","03100002-02013","-","【有效】"
64,"環境用藥","澄朗興業有限公司","12718942","賽亞寧","環署衛製字第2036號","20240623","03100002-02014","-","【有效】"
65,"環境用藥","澄朗興業有限公司","12718942","倍加特","環署衛製字第2040號","20240623","03100002-02015","-","【有效】"
66,"環境用藥","澄朗興業有限公司","12718942","淨滅鼠","環署衛製字第1556號","20160318","03100002-00001","無","【效期屆滿】"
67,"環境用藥","澄朗興業有限公司","12718942","美洲豹","環署衛製字第1562號","20160318","03100002-00002","無","【效期屆滿】"
68,"環境用藥","澄朗興業有限公司","12718942","數碼驅蟻","環署衛製字第1585號","20160318","03100002-00003","無","【效期屆滿】"
69,"環境用藥","澄朗興業有限公司","12718942","淨蟻","環署衛製字第1587號","20160318","03100002-00004","無","【效期屆滿】"
70,"環境用藥","澄朗興業有限公司","12718942","御蟑速","環署衛製字第1590號","20160318","03100002-00005","無","【效期屆滿】"
71,"環境用藥","澄朗興業有限公司","12718942","新魔粒堡","環署衛製字第1592號","20160318","03100002-00006","無","【效期屆滿】"
72,"環境用藥","澄朗興業有限公司","12718942","大蟑螂誘殺餌劑","環署衛製字第1598號","20160318","03100002-00007","無","【效期屆滿】"
73,"環境用藥","澄朗興業有限公司","12718942","沛特寧","環署衛製字第1862號","20160318","03100002-00008","無","【效期屆滿】"
74,"環境用藥","澄朗興業有限公司","12718942","綠康","環署衛製字第1715號","20150326","03100002-00009","綠康","【效期屆滿】"
75,"環境用藥","澄朗興業有限公司","12718942","極殺","環署衛製字第1433號","20150326","03100002-00010","極殺","【效期屆滿】"
76,"環境用藥","澄朗興業有限公司","12718942","愛快","環署衛製字第1434號","20150326","03100002-00011","愛快","【效期屆滿】"
77,"環境用藥","澄朗興業有限公司","12718942","愛快殺蟲粉劑","環署衛製字第1419號","20150326","03100002-00012","愛快殺蟲粉劑","【效期屆滿】"
78,"環境用藥","澄朗興業有限公司","12718942","新奧除","環署衛製字第1696號","20150326","03100002-00013","新奧除","【效期屆滿】"
79,"環境用藥","澄朗興業有限公司","12718942","愛潔美","環署衛製字第1435號","20150326","03100002-00014","愛潔美","【效期屆滿】"
80,"環境用藥","澄朗興業有限公司","12718942","必史筆","環署衛製字第1719號","20150326","03100002-00015","必史筆","【效期屆滿】"
81,"環境用藥","澄朗興業有限公司","12718942","倍剋蚊","環署衛製字第1443號","20150326","03100002-00016","倍剋蚊","【效期屆滿】"
82,"環境用藥","澄朗興業有限公司","12718942","新免螞煩殺蟻堡","環署衛製字第1486號","20150326","03100002-00017","新免螞煩殺蟻堡","【效期屆滿】"
83,"環境用藥","澄朗興業有限公司","12718942","攻蟑剋星","環署衛製字第1906號","20150326","03100002-00018","攻蟑剋星","【效期屆滿】"
84,"環境用藥","澄朗興業有限公司","12718942","針消蟑除蟑凝膠","環署衛製字第1633號","20150326","03100002-00019","針消蟑除蟑凝膠","【效期屆滿】"
85,"環境用藥","澄朗興業有限公司","12718942","奧除驅蟻劑","環署衛製字第1652號","20150326","03100002-00020","奧除驅蟻劑","【效期屆滿】"
86,"環境用藥","澄朗興業有限公司","12718942","掃蟑樂","環署衛製字第1653號","20150326","03100002-00021","掃蟑樂","【效期屆滿】"
87,"環境用藥","澄朗興業有限公司","12718942","漢他伏","環署衛製字第1420號","20150326","03100002-00022","漢他伏","【效期屆滿】"
88,"環境用藥","澄朗興業有限公司","12718942","鼠粑達","環署衛製字第1706號","20150326","03100002-00023","鼠粑達","【效期屆滿】"
89,"環境用藥","澄朗興業有限公司","12718942","滅鼠鮮町","環署衛製字第1711號","20150326","03100002-00024","滅鼠鮮町","【效期屆滿】"
90,"環境用藥","澄朗興業有限公司","12718942","滅鼠王","環署衛製字第1438號","20150326","03100002-00025","滅鼠王","【效期屆滿】"
91,"環境用藥","澄朗興業有限公司","12718942","允滅鼠","環署衛製字第1622號","20150326","03100002-00026","允滅鼠","【效期屆滿】"
92,"環境用藥","澄朗興業有限公司","12718942","天堂鼠","環署衛製字第1663號","20150326","03100002-00027","天堂鼠","【效期屆滿】"
93,"環境用藥","澄朗興業有限公司","12718942","伏鼠優","環署衛製字第1660號","20150326","03100002-00028","伏鼠優","【效期屆滿】"
94,"環境用藥","澄朗興業有限公司","12718942","升級","環署衛製字第1495號","20150326","03100002-00029","升級","【效期屆滿】"
95,"環境用藥","澄朗興業有限公司","12718942","澄朗剋蟲寧","環署衛製字第1502號","20260202","03100002-02022","-","【有效】"
96,"環境用藥","澄朗興業有限公司","12718942","鼠銳剋","環署衛製字第1507號","20260202","03100002-02023","-","【有效】"
97,"環境用藥","澄朗興業有限公司","12718942","大殺戒","環署衛製字第1509號","20260202","03100002-02024","-","【有效】"
98,"環境用藥","澄朗興業有限公司","12718942","必滅鼠","環署衛製字第1514號","20260202","03100002-02025","-","【有效】"
99,"環境用藥","澄朗興業有限公司","12718942","剋鼠靈","環署衛製字第1522號","20260202","03100002-02026","-","【有效】"
100,"環境用藥","澄朗興業有限公司","12718942","攻巢","環署衛製字第1524號","20260202","03100002-02027","-","【有效】"
101,"環境用藥","澄朗興業有限公司","12718942","超完美","環署衛製字第1760號","20260202","03100002-02028","-","【有效】"
102,"環境用藥","澄朗興業有限公司","12718942","洛奇餌","環署衛製字第1777號","20230202","03100002-02029","-","【效期屆滿】"
103,"環境用藥","澄朗興業有限公司","12718942","新無蟑道","環署衛製字第1791號","20260202","03100002-02030","-","【有效】"
104,"環境用藥","澄朗興業有限公司","12718942","優特寧","環署衛製字第2075號","20260202","03100002-02031","-","【有效】"
105,"環境用藥","澄朗興業有限公司","12718942","漢他伏","環署衛製字第1420號","20260224","03100002-02032","-","【有效】"
106,"環境用藥","澄朗興業有限公司","12718942","滅鼠王","環署衛製字第1438號","20260224","03100002-02033","-","【有效】"
107,"環境用藥","澄朗興業有限公司","12718942","倍剋蚊","環署衛製字第1443號","20230224","03100002-02034","-","【效期屆滿】"
108,"環境用藥","澄朗興業有限公司","12718942","新免螞煩殺蟻堡","環署衛製字第1486號","20260224","03100002-02035","-","【有效】"
109,"環境用藥","澄朗興業有限公司","12718942","升級","環署衛製字第 1495 號","20210224","03100002-02036","無","【效期屆滿】"
110,"環境用藥","澄朗興業有限公司","12718942","熱煙技","環署衛製字第1523號","20260224","03100002-02037","-","【有效】"
111,"環境用藥","澄朗興業有限公司","12718942","絡技沛","環署衛製字第1790號","20260224","03100002-02038","-","【有效】"
112,"環境用藥","澄朗興業有限公司","12718942","攻蟑剋星","環署衛製字第1906號","20260224","03100002-02039","-","【有效】"
113,"環境用藥","澄朗興業有限公司","12718942","滅蟑樂","環署衛製字第2070號","20260224","03100002-02040","-","【有效】"
114,"環境用藥","澄朗興業有限公司","12718942","鼠滅淨","環署衛製字第2072號","20260224","03100002-02041","-","【有效】"
115,"環境用藥","澄朗興業有限公司","12718942","天堂鼠","環署衛製字第1663號","20260430","03100002-02046","-","【有效】"
116,"環境用藥","澄朗興業有限公司","12718942","伏鼠優","環署衛製字第1660號","20260430","03100002-02047","-","【有效】"
117,"環境用藥","澄朗興業有限公司","12718942","必史筆","環署衛製字第 1719 號","20210430","03100002-02049.","無","【效期屆滿】"
118,"環境用藥","澄朗興業有限公司","12718942","針消蟑除蟑凝膠","環署衛製字第 1633 號","20210430","03100002-02050.","無","【效期屆滿】"
119,"環境用藥","澄朗興業有限公司","12718942","愛潔美","環署衛製字第1435號","20230430","03100002-02051","-","【效期屆滿】"
120,"環境用藥","澄朗興業有限公司","12718942","愛快殺蟲粉劑","環署衛製字第1419號","20230430","03100002-02052","-","【效期屆滿】"
121,"環境用藥","澄朗興業有限公司","12718942","允滅鼠","環署衛製字第1622號","20260430","03100002-02055","-","【有效】"
122,"環境用藥","澄朗興業有限公司","12718942","滅鼠鮮町","環署衛製字第1711號","20230430","03100002-02057","-","【效期屆滿】"
123,"環境用藥","澄朗興業有限公司","12718942","擒鼠皇","環署衛製字第1513號","20260910","03100002-02058","-","【有效】"
124,"環境用藥","澄朗興業有限公司","12718942","不螨族","環署衛製字第1651號","20260910","03100002-02059","-","【有效】"
125,"環境用藥","澄朗興業有限公司","12718942","佳寧","環署衛製字第1671號","20260910","03100002-02060","-","【有效】"
126,"環境用藥","澄朗興業有限公司","12718942","得力興速倍達","環署衛製字第1723號","20260910","03100002-02061","-","【有效】"
127,"環境用藥","澄朗興業有限公司","12718942","俘蟲霸","環署衛製字第1725號","20260910","03100002-02062","-","【有效】"
128,"環境用藥","澄朗興業有限公司","12718942","鮮餌堡","環署衛製字第1793號","20260910","03100002-02063","-","【有效】"
129,"環境用藥","澄朗興業有限公司","12718942","神奇殺圈","環署衛製字第1525號","20230910","03100002-02064","-","【效期屆滿】"
130,"環境用藥","澄朗興業有限公司","12718942","富寧","環署衛製字第1536號","20260910","03100002-02065","-","【有效】"
131,"環境用藥","澄朗興業有限公司","12718942","愛餌螂A+","環署衛製字第1828號","20260910","03100002-02066","-","【有效】"
132,"環境用藥","澄朗興業有限公司","12718942","無蟑道A+","環署衛製字第1829號","20260910","03100002-02067","-","【有效】"
133,"環境用藥","澄朗興業有限公司","12718942","興農殺蟲粉劑","環署衛製字第1947號","20260910","03100002-02068","-","【有效】"
134,"環境用藥","澄朗興業有限公司","12718942","保第靈","環署衛製字第1973號","20260910","03100002-02069","-","【有效】"
135,"環境用藥","澄朗興業有限公司","12718942","治冠靈","環署衛製字第1999號","20260910","03100002-02070","-","【有效】"
136,"環境用藥","澄朗興業有限公司","12718942","得恩寧殺蟲劑","環署衛製字第2004號","20260910","03100002-02071","-","【有效】"
137,"環境用藥","澄朗興業有限公司","12718942","終絕蟻家","環署衛製字第2008號","20260910","03100002-02072","-","【有效】"
138,"環境用藥","澄朗興業有限公司","12718942","百克寧","環署衛製字第2012號","20260910","03100002-02073","-","【有效】"
139,"環境用藥","澄朗興業有限公司","12718942","益必達除蟑凝膠","環署衛製字第2054號","20260910","03100002-02074","-","【有效】"
140,"環境用藥","澄朗興業有限公司","12718942","淘汰螂","環署衛製字第2140號","20260910","03100002-02075","-","【有效】"
141,"環境用藥","澄朗興業有限公司","12718942","淨滅鼠","環署衛製字第1556號","20240615","03100002-02076","-","【有效】"
142,"環境用藥","澄朗興業有限公司","12718942","美洲豹","環署衛製字第1562號","20240615","03100002-02077","-","【有效】"
143,"環境用藥","澄朗興業有限公司","12718942","數碼驅蟻","環署衛製字第1585號","20240615","03100002-02078","-","【有效】"
144,"環境用藥","澄朗興業有限公司","12718942","蟻錠滅","環署衛製字第1587號","20250615","03100002-02079","-","【有效】"
145,"環境用藥","澄朗興業有限公司","12718942","御蟑速","環署衛製字第1590號","20220615","03100002-02080","-","【效期屆滿】"
146,"環境用藥","澄朗興業有限公司","12718942","新魔粒堡","環署衛製字第1592號","20250615","03100002-02081","-","【有效】"
147,"環境用藥","澄朗興業有限公司","12718942","大蟑螂誘殺餌劑","環署衛製字第1598號","20220615","03100002-02082","-","【效期屆滿】"
148,"環境用藥","澄朗興業有限公司","12718942","沛特寧","環署衛製字第1862號","20240615","03100002-02083","-","【有效】"
149,"環境用藥","澄朗興業有限公司","12718942","蟻絕劑A+","環署衛製字第1662號","20240615","03100002-02084","-","【有效】"
150,"環境用藥","澄朗興業有限公司","12718942","超微力士","環署衛製字第1682號","20240615","03100002-02085","-","【有效】"
151,"環境用藥","澄朗興業有限公司","12718942","加立寧","環署衛製字第1455號","20240615","03100002-02086","-","【有效】"
152,"環境用藥","澄朗興業有限公司","12718942","機優王","環署衛製字第1553號","20220615","03100002-02087","-","【效期屆滿】"
153,"環境用藥","澄朗興業有限公司","12718942","驅趕","環署衛製字第1570號","20250615","03100002-02088","-","【有效】"
154,"環境用藥","澄朗興業有限公司","12718942","驅趕A+","環署衛製字第1879號","20240615","03100002-02089","-","【有效】"
155,"環境用藥","澄朗興業有限公司","12718942","升級A+","環署衛製字第1887號","20250615","03100002-02090","-","【有效】"
156,"環境用藥","澄朗興業有限公司","12718942","百蟲殺","環署衛製字第1969號","20250615","03100002-02091","-","【有效】"
157,"環境用藥","澄朗興業有限公司","12718942","除蟲霸","環署衛製字第2050號","20240615","03100002-02092","-","【有效】"
158,"環境用藥","澄朗興業有限公司","12718942","掃黑蚊","環署衛製字第1487號","20240623","03100002-02005","-","【有效】"
159,"環境用藥","澄朗興業有限公司","12718942","奶糊鼠靈","環署衛製字第1526號","20240623","03100002-02006","-","【有效】"
160,"環境用藥","澄朗興業有限公司","12718942","印地安","環署衛製字第1681號","20240623","03100002-02007","-","【有效】"
161,"環境用藥","澄朗興業有限公司","12718942","菊冠","環署衛製字第1451號","20240623","03100002-02001","-","【有效】"
162,"環境用藥","澄朗興業有限公司","12718942","螞蟻-98","環署衛製字第2053號","20240623","03100002-02020","-","【有效】"
163,"環境用藥","澄朗興業有限公司","12718942","吸特樂","環署衛製字第2073號","20220623","03100002-02021","-","【效期屆滿】"
164,"環境用藥","澄朗興業有限公司","12718942","新菊舒寧","環署衛製字第1673號","20240226","03100002-02100","-","【有效】"
165,"環境用藥","澄朗興業有限公司","12718942","粒克鼠","環署衛製字第2031號","20240226","03100002-02101","-","【有效】"
166,"環境用藥","澄朗興業有限公司","12718942","除蟻特攻","環署衛製字第2051號","20240226","03100002-02102","-","【有效】"
167,"環境用藥","澄朗興業有限公司","12718942","螞蟻-99","環署衛製字第2052號","20240226","03100002-02103","-","【有效】"
168,"環境用藥","澄朗興業有限公司","12718942","隨蟻去","環署衛製字第2135號","20240226","03100002-02104","-","【有效】"
169,"環境用藥","澄朗興業有限公司","12718942","雙百淨","環署衛製字第2271號","20240226","03100002-02105","-","【有效】"
170,"環境用藥","澄朗興業有限公司","12718942","麻祭鼠餌","環署衛製字第1748號","20240226","03100002-02106","-","【有效】"
171,"環境用藥","澄朗興業有限公司","12718942","大百殺粉劑","環署衛製字第1476號","20240226","03100002-02107","-","【有效】"
172,"環境用藥","澄朗興業有限公司","12718942","衛安","環署衛製字第1531號","20240226","03100002-02108","-","【有效】"
173,"環境用藥","澄朗興業有限公司","12718942","除蟻100","環署衛製字第2245號","20240226","03100002-02109","-","【有效】"
174,"環境用藥","澄朗興業有限公司","12718942","除蟑一號","環署衛製字第2104號","20260224","03100002-02042","-","【有效】"
175,"環境用藥","澄朗興業有限公司","12718942","擊速","許可證字號1567號","20210605","03100002-02093","-","【效期屆滿】"
176,"環境用藥","澄朗興業有限公司","12718942","超浮旋","許可證字號1755號","20210605","03100002-02094","-","【效期屆滿】"
177,"環境用藥","澄朗興業有限公司","12718942","蟑優餌","許可證字號1830號","20210605","03100002-02095","-","【效期屆滿】"
178,"環境用藥","澄朗興業有限公司","12718942","百蟻封","許可證字號1962號","20210605","03100002-02096","-","【效期屆滿】"
179,"環境用藥","澄朗興業有限公司","12718942","剋洛奇凝膠餌","許可證字號2241號","20210605","03100002-02097","-","【效期屆滿】"
180,"環境用藥","澄朗興業有限公司","12718942","無蠅腳A+","許可證字號2270號","20210605","03100002-02098","-","【效期屆滿】"
181,"環境用藥","澄朗興業有限公司","12718942","淳精粹香茅油","核准字號105102401號","20210605","03100002-02099","-","【效期屆滿】"
182,"環境用藥","澄朗興業有限公司","12718942","淨效滅寧","環署衛製字第1732號","20240623","03100002-02008","-","【有效】"
183,"環境用藥","澄朗興業有限公司","12718942","全速滅蟻","環署衛製字第1997號","20220429","03100002-02110","-","【效期屆滿】"
184,"環境用藥","澄朗興業有限公司","12718942","霧特","環署衛製字第2042號","20220429","03100002-02111","-","【效期屆滿】"
185,"環境用藥","澄朗興業有限公司","12718942","蟑速清","環署衛製字第2076號","20220429","03100002-02112","-","【效期屆滿】"
186,"環境用藥","澄朗興業有限公司","12718942","螞雅滅蟻餌","環署衛製字第2219號","20220429","03100002-02113","-","【效期屆滿】"
187,"環境用藥","澄朗興業有限公司","12718942","蟻喜享","環署衛製字第2222號","20220429","03100002-02114","-","【效期屆滿】"
188,"環境用藥","澄朗興業有限公司","12718942","剋螂士","環署衛製字第2243號","20220429","03100002-02115","-","【效期屆滿】"
189,"環境用藥","澄朗興業有限公司","12718942","威餌特","環署衛製字第2229號","20220429","03100002-02116","-","【效期屆滿】"
190,"環境用藥","澄朗興業有限公司","12718942","安得餌","環署衛製字第2232號","20220429","03100002-02117","-","【效期屆滿】"
191,"環境用藥","澄朗興業有限公司","12718942","全保淨","環署衛製字第2267號","20220429","03100002-02118","-","【效期屆滿】"
192,"環境用藥","澄朗興業有限公司","12718942","大保厲","環署衛製字第2277號","20220429","03100002-02119","-","【效期屆滿】"
193,"環境用藥","澄朗興業有限公司","12718942","全能滅蟑餌","環署衛製字第2300號","20220429","03100002-02120","-","【效期屆滿】"
194,"環境用藥","澄朗興業有限公司","12718942","滅蠅飛餌劑","環署衛製字第2325號","20220429","03100002-02121","-","【效期屆滿】"
195,"環境用藥","澄朗興業有限公司","12718942","掃毒祭","環署衛製字第2278號","20220429","03100002-02122","-","【效期屆滿】"
196,"環境用藥","澄朗興業有限公司","12718942","好硼友","環署衛製字第2374號","20220429","03100002-02123","-","【效期屆滿】"
197,"環境用藥","澄朗興業有限公司","12718942","蟎越沒防蟎噴劑","環署毒字第108041801號","20220429","03100002-02124","-","【效期屆滿】"
198,"環境用藥","澄朗興業有限公司","12718942","脆敵鼠","環署衛製字第1976號","20260421","03100002-02125","-","【有效】"
199,"環境用藥","澄朗興業有限公司","12718942","無蟻樂","環署衛製字第2085號","20260421","03100002-02126","-","【有效】"
200,"環境用藥","澄朗興業有限公司","12718942","螞絕剋","環署衛製字第2257號","20260421","03100002-02127","-","【有效】"
201,"環境用藥","澄朗興業有限公司","12718942","果美誘蠅堡","環署衛製字第2301號","20260421","03100002-02128","-","【有效】"
202,"環境用藥","澄朗興業有限公司","12718942","奧除驅蟻劑","環署衛製字第1652號","20260430","03100002-02043","-","【有效】"
203,"環境用藥","澄朗興業有限公司","12718942","新奧除","環署衛製字第1696號","20260430","03100002-02044","-","【有效】"
204,"環境用藥","澄朗興業有限公司","12718942","掃蟑樂","環署衛製字第1653號","20260430","03100002-02045","-","【有效】"
205,"環境用藥","澄朗興業有限公司","12718942","極殺","環署衛製字第1433號","20260430","03100002-02048","-","【有效】"
206,"環境用藥","澄朗興業有限公司","12718942","必史筆","環署衛製字第1719號","20230430","03100002-02049","-","【效期屆滿】"
207,"環境用藥","澄朗興業有限公司","12718942","針消蟑除蟑凝膠","環署衛製字第1633號","20230430","03100002-02050","-","【效期屆滿】"
208,"環境用藥","澄朗興業有限公司","12718942","愛快殺蟲粉劑","環署衛製字第 1419 號","20210430","03100002-02052.","無","【效期屆滿】"
209,"環境用藥","澄朗興業有限公司","12718942","愛快(品名：陶斯松)","環署衛製字第1434號","20230430","03100002-02053","-","【效期屆滿】"
210,"環境用藥","澄朗興業有限公司","12718942","鼠粑達","環署衛製字第1706號","20260430","03100002-02054","-","【有效】"
211,"環境用藥","澄朗興業有限公司","12718942","綠康","環署衛製字第1715號","20230430","03100002-02056","-","【效期屆滿】"
212,"環境用藥","澄朗興業有限公司","12718942","擊速","環署衛製字第1567號","20260720","03100002-02129","-","【有效】"
213,"環境用藥","澄朗興業有限公司","12718942","超浮旋","環署衛製字第1755號","20260720","03100002-02130","-","【有效】"
214,"環境用藥","澄朗興業有限公司","12718942","蟑優餌","環署衛製字第1830號","20260720","03100002-02131","-","【有效】"
215,"環境用藥","澄朗興業有限公司","12718942","百蟻封","環署衛製字第1962號","20260720","03100002-02132","-","【有效】"
216,"環境用藥","澄朗興業有限公司","12718942","剋洛奇凝膠餌","環署衛製字第2241號","20260720","03100002-02133","-","【有效】"
217,"環境用藥","澄朗興業有限公司","12718942","無蠅腳A+","環署衛製字第2270號","20260720","03100002-02134","-","【有效】"
218,"環境用藥","澄朗興業有限公司","12718942","淳精粹香茅油","環署毒字第105102401號","20260720","03100002-02135","-","【有效】"
219,"環境用藥","澄朗興業有限公司","12718942","森之翠香茅油","環衛藥防蟲字第109052501號(白)","20240527","03100002-02136","福來朗","【有效】"
220,"環境用藥","澄朗興業有限公司","12718942","菊蚤寧","環署衛製字第2473號(白)","20240527","03100002-02137","福來朗","【有效】"
221,"環境用藥","澄朗興業有限公司","12718942","愛快殺蟲粉劑","環署衛製字第2468號(白)","20240527","03100002-02138","澄朗","【有效】"
222,"環境用藥","澄朗興業有限公司","12718942","奧除蟻滅劑","環署衛製字第2245號","20260921","03100002-02139","奧除","【有效】"
223,"環境用藥","澄朗興業有限公司","12718942","福來朗多效殺菌濃縮液","環署衛製字第2278號","20260921","03100002-02140","福來朗","【有效】"
224,"環境用藥","澄朗興業有限公司","12718942","奧除蟻窩滅","環署衛製字 第2245號","20260921","03100002-02141","奧除","【有效】"
225,"環境用藥","澄朗興業有限公司","12718942","奧除殺蟑凝膠","環署衛製字 第2241號","20260921","03100002-02142","奧除","【有效】"
226,"環境用藥","澄朗興業有限公司","12718942","奧除蟻滅粒","環署衛製字 第2257號","20260921","03100002-02143","奧除","【有效】"
227,"環境用藥","澄朗興業有限公司","12718942","奧除粒效100","環署衛製字 第2104號","20260921","03100002-02144","奧除","【有效】"
228,"環境用藥","澄朗興業有限公司","12718942","奧除果美誘蠅堡","環署衛製字 第2301號","20260921","03100002-02145","奧除","【有效】"
229,"環境用藥","澄朗興業有限公司","12718942","興農派卡瑞丁8小時長效防蚊液","環署衛製字 第2499號","20260921","03100002-02146","興農","【有效】"
230,"環境用藥","澄朗興業有限公司","12718942","拜樂蚊防蚊液","環署衛製字 第2503號","20260921","03100002-02147","174T","【有效】"
231,"環境用藥","澄朗興業有限公司","12718942","福來朗果美誘蠅堡","環署衛製字 第2301號","20260921","03100002-02148","福來朗","【有效】"
232,"環境用藥","澄朗興業有限公司","12718942","大蟑螂誘殺餌劑A+","環署衛製字 第2497號","20260921","03100002-02149","喬通","【有效】"
233,"環境用藥","光華化學股份有限公司","43114209","必飛淨","環署衛製字第 1153 號","20180216","03100003-02003","無","【效期屆滿】"
234,"環境用藥","光華化學股份有限公司","43114209","必滅水","環署衛製字第 1582 號","20180216","03100003-02004","無","【效期屆滿】"
235,"環境用藥","光華化學股份有限公司","43114209","必飛寧","環署衛製字第 1733 號","20180216","03100003-02005","無","【效期屆滿】"
236,"環境用藥","光華化學股份有限公司","43114209","必飛滅","環署衛製字第 1583 號","20180216","03100003-02006","無","【效期屆滿】"
237,"環境用藥","光華化學股份有限公司","43114209","陶吉寧","環署衛製字第 1527 號","20180216","03100003-02007","無","【效期屆滿】"
238,"環境用藥","光華化學股份有限公司","43114209","除蟻樂","環署衛製字第 1483 號","20180216","03100003-02008","無","【效期屆滿】"
239,"環境用藥","光華化學股份有限公司","43114209","速飛淨","環署衛製字第 1155 號","20180216","03100003-02009","無","【效期屆滿】"
240,"環境用藥","光華化學股份有限公司","43114209","速安寧","環署衛製字第 1498 號","20180216","03100003-02010","無","【效期屆滿】"
241,"環境用藥","光華化學股份有限公司","43114209","蟲必淨","環署衛製字第 1254 號","20161023","03100003-02001","無","【效期屆滿】"
242,"環境用藥","光華化學股份有限公司","43114209","總治鼠餌劑","環署衛製字第 1773 號","20161023","03100003-02002","無","【效期屆滿】"
243,"環境用藥","光華化學股份有限公司","43114209","陶吉松乳劑","環署衛製字第1030號","20150327","03100003-00005","陶吉松乳劑","【效期屆滿】"
244,"環境用藥","光華化學股份有限公司","43114209","必飛淨","環署衛製字第1153號","20150326","03100003-00006","必飛淨","【效期屆滿】"
245,"環境用藥","光華化學股份有限公司","43114209","速飛淨","環署衛製字第1155號","20150326","03100003-00007","速飛淨","【效期屆滿】"
246,"環境用藥","光華化學股份有限公司","43114209","除蟻樂乳劑","環署衛製字第1483號","20150326","03100003-00008","除蟻樂乳劑","【效期屆滿】"
247,"環境用藥","光華化學股份有限公司","43114209","速安寧微乳劑","環署衛製字第1498號","20150326","03100003-00009","速安寧微乳劑","【效期屆滿】"
248,"環境用藥","光華化學股份有限公司","43114209","陶吉寧乳劑","環署衛製字第1527號","20150326","03100003-00010","陶吉寧乳劑","【效期屆滿】"
249,"環境用藥","光華化學股份有限公司","43114209","必滅水水基乳劑","環署衛製字第1582號","20150327","03100003-00011","必滅水水基乳劑","【效期屆滿】"
250,"環境用藥","光華化學股份有限公司","43114209","必飛滅乳劑","環署衛製字第1583號","20150327","03100003-00012","必飛滅乳劑","【效期屆滿】"
251,"環境用藥","光華化學股份有限公司","43114209","必飛寧","環署衛製字第1733號","20150326","03100003-00013","必飛寧","【效期屆滿】"
252,"環境用藥","光華化學股份有限公司","43114209","滅蟻多(MEYELOR)","環署衛製字第1985號","20150327","03100003-00014","滅蟻多(MEYELOR)","【效期屆滿】"
253,"環境用藥","光華化學股份有限公司","43114209","陶斯松1.5%片劑","環署衛製字第1380號","20140921","03100003-00002","無","【效期屆滿】"
254,"環境用藥","光華化學股份有限公司","43114209","總治鼠餌劑","環署衛製字第1254號","20141016","03100003-00003","無","【效期屆滿】"
255,"環境用藥","光華化學股份有限公司","43114209","蟲必淨0.5%粉劑","環署衛製字第1611號","20141016","03100003-00004","無","【效期屆滿】"
256,"環境用藥","光華化學股份有限公司","43114209","總治鼠粒狀餌劑","環署衛製字第1771號","20160305","03100003-00001","無","【效期屆滿】"
257,"環境用藥","東領企業有限公司","23911114","上黏必蟑瑯瑯愛 S350","環署衛製字第1611號","20140516","03100005-00001","無","【效期屆滿】"
258,"環境用藥","東領企業有限公司","23911114","蟑歐樂A","環署衛製字第1695號","20141012","03100005-00002","無","【效期屆滿】"
259,"環境用藥","東領企業有限公司","23911114","上黏蟻螞愛 S100","環署衛製字第1655號","20150102","03100005-00003","無","【效期屆滿】"
260,"環境用藥","東領企業有限公司","23911114","上黏必蟑螂螂愛 S105","環署衛製字第1656號","20150102","03100005-00004","無","【效期屆滿】"
261,"環境用藥","東領企業有限公司","23911114","蟑化A","環署衛製字第 2097 號","20160709","03100005-02001","無","【效期屆滿】"
262,"環境用藥","東領企業有限公司","23911114","蟑麥克A","環署衛製字第 2098 號","20160804","03100005-02002","-","【效期屆滿】"
263,"環境用藥","東領企業有限公司","23911114","蟑歐樂A","環署衛製字第 2100 號","20160804","03100005-02003","-","【效期屆滿】"
264,"環境用藥","東領企業有限公司","23911114","瑞德蟑螂凝膠餌劑-1","環署衛製字第 2134 號","20160804","03100005-02004","-","【效期屆滿】"
265,"環境用藥","東領企業有限公司","23911114","上黏必蟑螂螂愛S105","環署衛製字第 2114 號","20160804","03100005-02005","-","【效期屆滿】"
266,"環境用藥","東領企業有限公司","23911114","上黏必蟑螂螂愛-S350","環署衛製字第 2115 號","20160804","03100005-02006","-","【效期屆滿】"
267,"環境用藥","東領企業有限公司","23911114","上黏蟻螞愛S100","環署衛製字第 2122 號","20160804","03100005-02007","-","【效期屆滿】"
268,"環境用藥","東領企業有限公司","23911114","上黏螂螂愛s102凝膠","環署衛製字第 2103 號","20160804","03100005-02008","-","【效期屆滿】"
269,"環境用藥","東領企業有限公司","23911114","瑞德蟑螂凝膠餌劑-1","環署衛製字第1783號","20151113","03100005-00005","無","【效期屆滿】"
270,"環境用藥","東領企業有限公司","23911114","上狠除蟑餌劑","環署衛製字第 2113 號","20160804","03100005-02009","-","【效期屆滿】"
271,"環境用藥","東領企業有限公司","23911114","蟑小強","環署衛製字第 2106 號","20181115","03100005-02022","-","【效期屆滿】"
272,"環境用藥","東領企業有限公司","23911114","瑞德","環署衛製字第 2105 號","20181115","03100005-02023","-","【效期屆滿】"
273,"環境用藥","東領企業有限公司","23911114","蟑歐樂","環署衛製字第 2099 號","20181115","03100005-02024","-","【效期屆滿】"
274,"環境用藥","東領企業有限公司","23911114","蟑化","環署衛製字第 2111 號","20181115","03100005-02026","-","【效期屆滿】"
275,"環境用藥","東領企業有限公司","23911114","蟑麥克","環署衛製字第 2126 號","20181115","03100005-02027","-","【效期屆滿】"
276,"環境用藥","東領企業有限公司","23911114","瑞德除蟻膠餌劑","環署衛製字第 2112 號","20181115","03100005-02025","-","【效期屆滿】"
277,"環境用藥","東領企業有限公司","23911114","蟑小強(B)凝膠餌劑","環署衛製字第 2199 號","20190723","03100005-02017","無","【效期屆滿】"
278,"環境用藥","東領企業有限公司","23911114","嘉爪王凝膠餌劑","環署衛製字第 2196 號","20190723","03100005-02018","無","【效期屆滿】"
279,"環境用藥","東領企業有限公司","23911114","滅加爪凝膠餌劑","環署衛製字第 2198 號","20190723","03100005-02019","無","【效期屆滿】"
280,"環境用藥","東領企業有限公司","23911114","螂螂愛(A)凝膠餌劑","環署衛製字第 2197 號","20190723","03100005-02020","無","【效期屆滿】"
281,"環境用藥","東領企業有限公司","23911114","必蟑凝膠餌劑","環署衛製字第 2200 號","20190723","03100005-02021","無","【效期屆滿】"
282,"環境用藥","東領企業有限公司","23911114","永豐","環署衛製字第 2082 號","20190309","03100005-02036","無","【效期屆滿】"
283,"環境用藥","東領企業有限公司","23911114","日豐蟑螂餌劑","環署衛製字第 2239 號","20210309","03100005-02037","無","【效期屆滿】"
284,"環境用藥","東領企業有限公司","23911114","上狠蟑螂餌劑","環署衛製字第 2238 號","20210309","03100005-02038","無","【效期屆滿】"
285,"環境用藥","東領企業有限公司","23911114","日豐","環署衛製字第 2081 號","20190309","03100005-02039","無","【效期屆滿】"
286,"環境用藥","東領企業有限公司","23911114","上黏螂螂愛(S)","環署衛製字第 2194 號","20210309","03100005-02040","無","【效期屆滿】"
287,"環境用藥","東領企業有限公司","23911114","蟑化A","環署衛製字第2097號","20221115","03100005-02028","-","【效期屆滿】"
288,"環境用藥","東領企業有限公司","23911114","蟑歐樂A","環署衛製字第2100號","20221115","03100005-02029","-","【效期屆滿】"
289,"環境用藥","東領企業有限公司","23911114","瑞德蟑螂凝膠餌劑-1","環署衛製字第2134號","20241115","03100005-02030","-","【有效】"
290,"環境用藥","東領企業有限公司","23911114","上黏必蟑螂螂愛S105","環署衛製字第2114號","20221115","03100005-02031","-","【效期屆滿】"
291,"環境用藥","東領企業有限公司","23911114","上黏必蟑螂螂愛-S350","環署衛製字第2115號","20241115","03100005-02032","-","【有效】"
292,"環境用藥","東領企業有限公司","23911114","上黏蟻螞愛S100","環署衛製字第2122號","20241115","03100005-02033","-","【有效】"
293,"環境用藥","東領企業有限公司","23911114","蟑麥克A","環署衛製字第 2098 號","20201115","03100005-02034","無","【效期屆滿】"
294,"環境用藥","東領企業有限公司","23911114","上黏螂螂愛s102凝膠","環署衛製字第2103號","20221115","03100005-02035","-","【效期屆滿】"
295,"環境用藥","東領企業有限公司","23911114","螂螂愛S300","環署衛製字第 2121 號","20160804","03100005-02010","-","【效期屆滿】"
296,"環境用藥","東領企業有限公司","23911114","瑞德除蟻膠餌劑","環署衛製字第 2112 號","20210307","03100005-02050","無","【效期屆滿】"
297,"環境用藥","東領企業有限公司","23911114","蟑小強","許可證字號2106號","20210624","03100005-02051","-","【效期屆滿】"
298,"環境用藥","東領企業有限公司","23911114","蟑小強(B)凝膠餌劑","環署衛製字第2199號","20211121","03100005-02052","-","【效期屆滿】"
299,"環境用藥","東領企業有限公司","23911114","嘉爪王凝膠餌劑","環署衛製字第2196號","20211121","03100005-02053","-","【效期屆滿】"
300,"環境用藥","東領企業有限公司","23911114","滅加爪凝膠餌劑","環署衛製字第2198號","20211121","03100005-02054","-","【效期屆滿】"
301,"環境用藥","東領企業有限公司","23911114","狠消蟑凝膠餌劑","環署衛製字第 2312 號","20200226","03100005-02042","無","【效期屆滿】"
302,"環境用藥","東領企業有限公司","23911114","上黏水蒸式殺蟲劑","環署衛製字第2335號","20240910","03100005-02045","-","【有效】"
303,"環境用藥","東領企業有限公司","23911114","煙樂寶水蒸式殺蟲劑","環署衛製字第2336號","20240910","03100005-02046","-","【有效】"
304,"環境用藥","東領企業有限公司","23911114","燻樂寶水蒸式殺蟲劑","環署衛製字第2339號","20240910","03100005-02043","-","【有效】"
305,"環境用藥","東領企業有限公司","23911114","蟑歐樂水蒸式殺蟲劑","環署衛製字第2340號","20240910","03100005-02044","-","【有效】"
306,"環境用藥","東領企業有限公司","23911114","上狠水蒸式殺蟲劑","環署衛製字第2347號","20230211","03100005-02047","-","【效期屆滿】"
307,"環境用藥","東領企業有限公司","23911114","瑞德水蒸式殺螨滅蟑劑","環署衛製字第2346號","20230211","03100005-02048","-","【效期屆滿】"
308,"環境用藥","東領企業有限公司","23911114","蒸汽貫水蒸式殺蟲劑","環署衛製字第2345號","20230211","03100005-02049","-","【效期屆滿】"
309,"環境用藥","東領企業有限公司","23911114","日豐凝膠餌劑","環署衛製字第 2307 號","20200226","03100005-02041","無","【效期屆滿】"
310,"環境用藥","東領企業有限公司","23911114","蟑小強","環署衛製字第 2106 號","20161015","03100005-02016","無","【效期屆滿】"
311,"環境用藥","東領企業有限公司","23911114","瑞德","環署衛製字第 2105 號","20161015","03100005-02015","無","【效期屆滿】"
312,"環境用藥","東領企業有限公司","23911114","蟑歐樂","環署衛製字第 2099 號","20161015","03100005-02014","無","【效期屆滿】"
313,"環境用藥","東領企業有限公司","23911114","蟑化","環署衛製字第 2111 號","20161015","03100005-02013","無","【效期屆滿】"
314,"環境用藥","東領企業有限公司","23911114","蟑麥克","環署衛製字第 2126 號","20161015","03100005-02012","無","【效期屆滿】"
315,"環境用藥","東領企業有限公司","23911114","瑞德除蟻膠餌劑","環署衛製字第 2112 號","20161015","03100005-02011","無","【效期屆滿】"
316,"環境用藥","東領企業有限公司","23911114","瑞德除蟻膠餌劑","許可證字號2112號(褐色)","20231112","03100005-02057","瑞德","【效期屆滿】"
317,"環境用藥","東領企業有限公司","23911114","日豐凝膠餌劑","環署衛製字第2307號(黃)","20240330","03100005-02058","procatch","【有效】"
318,"環境用藥","東領企業有限公司","23911114","嘉爪王","環署衛製字第2296號(黃)","20240330","03100005-02059","procatch","【有效】"
319,"環境用藥","東領企業有限公司","23911114","滅加爪","環署衛製字第2198號(紅)","20240330","03100005-02060","procatch","【有效】"
320,"環境用藥","東領企業有限公司","23911114","狠消蟑凝膠餌劑","環署衛製字第2312號(綠)","20240330","03100005-02061","procatch","【有效】"
321,"環境用藥","東領企業有限公司","23911114","日豐蟑螂餌劑","環署衛製字第2239號","20221106","03100005-02055","-","【效期屆滿】"
322,"環境用藥","東領企業有限公司","23911114","上狠蟑螂餌劑","環署衛製字第2238號","20221106","03100005-02056","-","【效期屆滿】"
323,"環境用藥","立曄股份有限公司","27561932","立曄蟑螂餌膠","環署衛製字第 1920 號","20180115","03100006-02001","無","【效期屆滿】"
324,"環境用藥","立曄股份有限公司","27561932","立曄蟑螂餌膠","環署衛製字第1920號(綠色)","20260918","03100013-00001","立曄餌膠","【有效】"
325,"環境用藥","立曄股份有限公司","27561932","護木靈","環署衛製字第2023號(土)","20261005","03100013-00002","護木靈","【有效】"
326,"環境用藥","立曄股份有限公司","27561932","蟑得克凝膠餌劑","環署衛製字第2318號(天藍色)","20261005","03100013-00003","蟑得克","【有效】"
327,"環境用藥","立曄股份有限公司","27561932","驅蚊易","環署衛製字第2507號(青綠色)","20261005","03100013-00004","驅蚊易","【有效】"
328,"環境用藥","立曄股份有限公司","27561932","立曄蟑螂餌膠","環署衛製字第1920號","20140703","03100006-00001","無","【效期屆滿】"
329,"環境用藥","立曄股份有限公司","27561932","立曄孑孓滅","環署衛製字第1990號","20150513","03100006-00002","無","【效期屆滿】"
330,"環境用藥","立曄股份有限公司","27561932","護木靈","環署衛製字第2023號","20150809","03100006-00003","無","【效期屆滿】"
331,"環境用藥","台衛化學工業股份有限公司","72097637","剋芬寧","環署衛製字第1669號","20150816","03100007-00007","無","【效期屆滿】"
332,"環境用藥","台衛化學工業股份有限公司","72097637","喜安寧乳劑","環署衛製字第1407號","20150902","03100007- 00008","無","【效期屆滿】"
333,"環境用藥","台衛化學工業股份有限公司","72097637","助蟲斃","環署衛製字第1850號","20150902","03100007- 00009","無","【效期屆滿】"
334,"環境用藥","台衛化學工業股份有限公司","72097637","台衛快滅鼠新乾餌劑","環署衛製字第1262號","20240804","03100007-02003","-","【有效】"
335,"環境用藥","台衛化學工業股份有限公司","72097637","來速松香消毒液","環署衛製字第2077號","20240708","03100007-02002","-","【有效】"
336,"環境用藥","台衛化學工業股份有限公司","72097637","立剋蟲液劑","環署衛製字第1552號","20150621","03100007-00003","無","【效期屆滿】"
337,"環境用藥","台衛化學工業股份有限公司","72097637","亞滅蟲","環署衛製字第1668號","20150704","03100007-00004","無","【效期屆滿】"
338,"環境用藥","台衛化學工業股份有限公司","72097637","芬剋蟲","環署衛製字第1670號","20150704","03100007-00005","無","【效期屆滿】"
339,"環境用藥","台衛化學工業股份有限公司","72097637","百蟲竄","環署衛製字第1869號","20150704","03100007-00006","無","【效期屆滿】"
340,"環境用藥","台衛化學工業股份有限公司","72097637","貓博士速效殺蟲劑","環署衛製字第 1214 號","20200804","03100007-02004","-","【效期屆滿】"
341,"環境用藥","台衛化學工業股份有限公司","72097637","治必寧","環署衛製字第 1614 號","20161015","03100007-02011","-","【效期屆滿】"
342,"環境用藥","台衛化學工業股份有限公司","72097637","台衛快滅鼠液餌劑","環署衛製字第 0843 號","20161015","03100007-02012","無","【效期屆滿】"
343,"環境用藥","台衛化學工業股份有限公司","72097637","獵鼠王乾餌劑","環署衛製字第 1698 號","20161015","03100007-02013","無","【效期屆滿】"
344,"環境用藥","台衛化學工業股份有限公司","72097637","台衛快滅鼠乾餌劑","環署衛製字第 0842 號","20161015","03100007-02014","無","【效期屆滿】"
345,"環境用藥","台衛化學工業股份有限公司","72097637","狠消蟑","環署衛製字第 1742 號","20161015","03100007-02015","無","【效期屆滿】"
346,"環境用藥","台衛化學工業股份有限公司","72097637","助蟲滅","環署衛製字第 1605 號","20180903","03100007-02005","-","【效期屆滿】"
347,"環境用藥","台衛化學工業股份有限公司","72097637","剋蟲淨","環署衛製字第 1849 號","20180903","03100007-02006","-","【效期屆滿】"
348,"環境用藥","台衛化學工業股份有限公司","72097637","樂除蟲乳劑","環署衛製字第 1561 號","20160903","03100007-02007","-","【效期屆滿】"
349,"環境用藥","台衛化學工業股份有限公司","72097637","快速殺菌劑","環署衛製字第 1161 號","20160903","03100007-02008","無","【效期屆滿】"
350,"環境用藥","台衛化學工業股份有限公司","72097637","安治靈","環署衛製字第 1565 號","20180903","03100007-02009","-","【效期屆滿】"
351,"環境用藥","台衛化學工業股份有限公司","72097637","健速寧","環署衛製字第 1964 號","20180903","03100007-02010","-","【效期屆滿】"
352,"環境用藥","台衛化學工業股份有限公司","72097637","台衛快滅鼠乾餌劑","環署衛製字第0842號","20141001","03100007-00001","無","【效期屆滿】"
353,"環境用藥","台衛化學工業股份有限公司","72097637","台衛快滅鼠液餌劑","環署衛製字第0843號","20141001","03100007-00002","無","【效期屆滿】"
354,"環境用藥","台衛化學工業股份有限公司","72097637","獵鼠王液餌劑","環署衛製字第1707號","20240603","03100007-02001","-","【有效】"
355,"環境用藥","台衛化學工業股份有限公司","72097637","滅菌光消毒殺菌劑","環署衛製字第2272號","20210906","03100007-02043","-","【效期屆滿】"
356,"環境用藥","台衛化學工業股份有限公司","72097637","斃定蠅","環署衛製字第2235號","20240226","03100007-02044","-","【有效】"
357,"環境用藥","台衛化學工業股份有限公司","72097637","治必寧","環署衛製字第 1614 號","20190215","03100007-02035","治必寧","【效期屆滿】"
358,"環境用藥","台衛化學工業股份有限公司","72097637","快滅蟲","環署衛製字第 2055 號","20190215","03100007-02036","無","【效期屆滿】"
359,"環境用藥","台衛化學工業股份有限公司","72097637","獵鼠王乾餌劑","環署衛製字第1698號","20250215","03100007-02037","-","【有效】"
360,"環境用藥","台衛化學工業股份有限公司","72097637","台衛快滅鼠液餌劑","環署衛製字第0843號","20250215","03100007-02038","-","【有效】"
361,"環境用藥","台衛化學工業股份有限公司","72097637","台衛快滅鼠液餌劑","環署衛製字第0843號","20250215","03100007-02039","-","【有效】"
362,"環境用藥","台衛化學工業股份有限公司","72097637","狠消蟑","環署衛製字第1742號","20250215","03100007-02040","-","【有效】"
363,"環境用藥","台衛化學工業股份有限公司","72097637","台衛快滅鼠乾餌劑","環署衛製字第0842號","20250215","03100007-02041","-","【有效】"
364,"環境用藥","台衛化學工業股份有限公司","72097637","貓博士除蟲液劑","環署衛製字第2173號","20260309","03100007-02042","-","【有效】"
365,"環境用藥","台衛化學工業股份有限公司","72097637","芬剋蟲","環署衛製字第 1670 號","20170723","03100007-02032","無","【效期屆滿】"
366,"環境用藥","台衛化學工業股份有限公司","72097637","斃百蟲","環署衛製字第 1874 號","20190115","03100007-02024","無","【效期屆滿】"
367,"環境用藥","台衛化學工業股份有限公司","72097637","芬特淨","環署衛製字第 2156 號","20170115","03100007-02023","無","【效期屆滿】"
368,"環境用藥","台衛化學工業股份有限公司","72097637","芬治寧","環署衛製字第 2151 號","20170115","03100007-02022","無","【效期屆滿】"
369,"環境用藥","台衛化學工業股份有限公司","72097637","芬安淨","環署衛製字第 2152 號","20190115","03100007-02021","無","【效期屆滿】"
370,"環境用藥","台衛化學工業股份有限公司","72097637","特滅淨","環署衛製字第 2155 號","20170115","03100007-02020","無","【效期屆滿】"
371,"環境用藥","台衛化學工業股份有限公司","72097637","芬撲淨","環署衛製字第 2154 號","20170115","03100007-02019","無","【效期屆滿】"
372,"環境用藥","台衛化學工業股份有限公司","72097637","芬百寧","環署衛製字第 2153 號","20190115","03100007-02018","無","【效期屆滿】"
373,"環境用藥","台衛化學工業股份有限公司","72097637","百菌清","環署衛製字第 1612 號","20210115","03100007-02017","無","【效期屆滿】"
374,"環境用藥","台衛化學工業股份有限公司","72097637","百力威","環署衛製字第 2059 號","20190115","03100007-02016","無","【效期屆滿】"
375,"環境用藥","台衛化學工業股份有限公司","72097637","害蟲寧","環署衛製字第 1741 號","20170723","03100007-02025","無","【效期屆滿】"
376,"環境用藥","台衛化學工業股份有限公司","72097637","立剋蟲液劑","環署衛製字第 1552 號","20170723","03100007-02026","無","【效期屆滿】"
377,"環境用藥","台衛化學工業股份有限公司","72097637","喜安寧乳劑","環署衛製字第 1407 號","20170723","03100007-02027","無","【效期屆滿】"
378,"環境用藥","台衛化學工業股份有限公司","72097637","剋芬寧","環署衛製字第 1669 號","20170723","03100007-02028","無","【效期屆滿】"
379,"環境用藥","台衛化學工業股份有限公司","72097637","百蟲竄","環署衛製字第 1869 號","20170723","03100007-02029","無","【效期屆滿】"
380,"環境用藥","台衛化學工業股份有限公司","72097637","亞滅蟲","環署衛製字第 1668 號","20170723","03100007-02030","無","【效期屆滿】"
381,"環境用藥","台衛化學工業股份有限公司","72097637","助蟲斃","環署衛製字第 1850 號","20170723","03100007-02031","無","【效期屆滿】"
382,"環境用藥","台衛化學工業股份有限公司","72097637","斃小強","環署衛製字第2225號","20240715","03100007-02033","斃小強","【有效】"
383,"環境用藥","台衛化學工業股份有限公司","72097637","斃定蠅","環署衛製字第 2235 號","20200829","03100007-02034","斃定蠅","【效期屆滿】"
384,"環境用藥","台衛化學工業股份有限公司","72097637","貓博士治蟲寧液劑","環署衛製字第2508號(無至略黃)","20260615","03100007-02045","貓博士","【有效】"
385,"環境用藥","台衛化學工業股份有限公司","72097637","永旺來速松香消毒液(Speedsol)","環署衛製字第2077號(暗紫至黑褐色)","20260831","03100007-02046","永旺來速松香消毒液","【有效】"
386,"環境用藥","日農科技股份有限公司","69413195","真正讚1.5%w/w粒劑","環署衛製字第1314號","20141001","03100008-00001","無","【效期屆滿】"
387,"環境用藥","日農科技股份有限公司","69413195","剋鼠0.005%w/w餌劑","環署衛製字第1011號","20141001","03100008-00002","無","【效期屆滿】"
388,"環境用藥","日農科技股份有限公司","69413195","鼠敵0.005%w/w餌劑","環署衛製字第1027號","20141001","03100008-00003","無","【效期屆滿】"
389,"環境用藥","日農科技股份有限公司","69413195","力特增1%w/w乳膏片劑","環署衛製字第1084號","20141001","03100008-00004","無","【效期屆滿】"
390,"環境用藥","日農科技股份有限公司","69413195","剋鼠0.005%w/w液餌劑","環署衛製字第1194號","20141001","03100008-00005","無","【效期屆滿】"
391,"環境用藥","愛心化學企業有限公司","16627113","臺灣除蟲蟑螂餌錠","環署衛製字第1979號","20150307","03100009-00004","無","【效期屆滿】"
392,"環境用藥","愛心化學企業有限公司","16627113","臺灣除蟲蟑螂餌劑","環署衛製字第1972號","20150102","03100009-00002","無","【效期屆滿】"
393,"環境用藥","愛心化學企業有限公司","16627113","使命必除蟑螂錠劑","環署衛製字第1927號","20150102","03100009-00003","無","【效期屆滿】"
394,"環境用藥","愛心化學企業有限公司","16627113","使命必除蟑螂餌劑","環署衛製字第1928號","20161013","03100009-00001","無","【效期屆滿】"
395,"環境用藥","愛心化學企業有限公司","16627113","使命必除除螞蟻餌劑","環署衛製字第2061號","20160213","03100009- 00005","無","【效期屆滿】"
396,"環境用藥","愛心化學企業有限公司","16627113","使命必除蟑螂餌劑","環署衛製字第 1928 號","20210307","03100009-02001","無","【效期屆滿】"
397,"環境用藥","愛心化學企業有限公司","16627113","使命必除蟑螂錠劑","環署衛製字第 1927 號","20210307","03100009-02002","無","【效期屆滿】"
398,"環境用藥","愛心化學企業有限公司","16627113","臺灣除蟲蟑螂餌錠","環署衛製字第 1979 號","20210307","03100009-02003","無","【效期屆滿】"
399,"環境用藥","愛心化學企業有限公司","16627113","使命必除除螞蟻餌劑","環署衛製字第 2061 號","20210307","03100009-02004","無","【效期屆滿】"
400,"環境用藥","愛心化學企業有限公司","16627113","臺灣除蟲蟑螂餌劑","環署衛製字第 1972 號","20210307","03100009-02005","無","【效期屆滿】"
401,"環境用藥","中西化學工業股份有限公司","46043805","夜安寧新速滅液體電蚊香","環署衛製字第2250號","20240429","03100010-02005","-","【有效】"
402,"環境用藥","中西化學工業股份有限公司","46043805","免叮自動噴霧殺蟲劑","環署衛製字第1017號","20260430","03100010-02001","-","【有效】"
403,"環境用藥","中西化學工業股份有限公司","46043805","撲蟑殺蟲劑","環署衛製字第1021號","20260430","03100010-02002","-","【有效】"
404,"環境用藥","中西化學工業股份有限公司","46043805","免叮自動噴霧殺蟲劑","環署衛製字第1017號","20150408","03100010-00001","無","【效期屆滿】"
405,"環境用藥","中西化學工業股份有限公司","46043805","撲蟑殺蟲劑","環署衛製字第1021號","20150408","03100010-00002","無","【效期屆滿】"
406,"環境用藥","中西化學工業股份有限公司","46043805","夜安寧速滅液體電蚊香","環署衛製字第1676號","20150408","03100010-00003","無","【效期屆滿】"
407,"環境用藥","中西化學工業股份有限公司","46043805","夜安寧快速蟑螂螞蟻殺蟲劑","環署衛製字第1853號","20150408","03100010-00004","無","【效期屆滿】"
408,"環境用藥","中西化學工業股份有限公司","46043805","撲蟑殺蟲劑","環署衛製字第 1021 號","20210430","03100010-02002.","無","【效期屆滿】"
409,"環境用藥","中西化學工業股份有限公司","46043805","夜安寧速滅液體電蚊香","環署衛製字第1676號","20260430","03100010-02003","-","【有效】"
410,"環境用藥","中西化學工業股份有限公司","46043805","夜安寧快速蟑螂螞蟻殺蟲劑","環署衛製字第1853號","20260430","03100010-02004","-","【有效】"
411,"環境用藥","志成股份有限公司","04633983","噴效水性噴霧殺蟲劑","環署衛製字第1957號","20260430","03100011-02001","-","【有效】"
412,"環境用藥","志成股份有限公司","04633983","噴效新蟑螂螞蟻殺蟲劑","環署衛製字第1236號","20260430","03100011-02003","-","【有效】"
413,"環境用藥","志成股份有限公司","04633983","黑貓新油性噴霧殺蟲劑","環署衛製字第2133號","20260430","03100011-02004","-","【有效】"
414,"環境用藥","志成股份有限公司","04633983","黑貓新水性噴霧殺蟲劑","環署衛製字第1958號","20150417","03100011-00001","無","【效期屆滿】"
415,"環境用藥","志成股份有限公司","04633983","噴效水性噴霧殺蟲劑","環署衛製字第1957號","20150417","03100011-00002","無","【效期屆滿】"
416,"環境用藥","志成股份有限公司","04633983","噴效新油性噴霧殺蟲劑","環署衛製字第1948號","20150417","03100011-00003","無","【效期屆滿】"
417,"環境用藥","志成股份有限公司","04633983","噴效跳蚤塵螨殺蟲劑","環署衛製字第0981號","20150417","03100011-00004","無","【效期屆滿】"
418,"環境用藥","志成股份有限公司","04633983","噴效新水性噴霧殺蟲劑","環署衛製字第1683號","20150417","03100011-00005","無","【效期屆滿】"
419,"環境用藥","志成股份有限公司","04633983","噴效氣霧式殺蟲劑","環署衛製字第1423號","20150417","03100011-00006","無","【效期屆滿】"
420,"環境用藥","志成股份有限公司","04633983","噴效蒸煙式 殺蟲劑","環署衛製字第2022號","20260921","03100011-02005","-","【有效】"
421,"環境用藥","志成股份有限公司","04633983","噴效快速殺蟑劑","環署衛製字第1363號","20260921","03100011-02006","-","【有效】"
422,"環境用藥","志成股份有限公司","04633983","噴效通用水性噴霧殺蟲劑","環署衛製字第1550號","20260921","03100011-02007","-","【有效】"
423,"環境用藥","志成股份有限公司","04633983","噴效新油性噴霧殺蟲劑","環署衛製字第1948號","20260921","03100011-02008","-","【有效】"
424,"環境用藥","志成股份有限公司","04633983","通用新水性噴霧殺蟲劑","環署衛製字第1238號","20260921","03100011-02009","-","【有效】"
425,"環境用藥","志成股份有限公司","04633983","噴效新氣霧式殺蟲劑","環署衛製字第2071號","20260921","03100011-02010","-","【有效】"
426,"環境用藥","志成股份有限公司","04633983","滅飛新液體電蚊香液","環署衛製字第2191號","20260921","03100011-02011","-","【有效】"
427,"環境用藥","志成股份有限公司","04633983","噴效新水性噴霧殺蟲劑","環署衛製字第1683號","20260430","03100011-02002","-","【有效】"
428,"環境用藥","薇薾登股份有限公司","22434331","正百寧5%乳劑","環署衛製字第1189號","20151101","03100012-00001","無","【效期屆滿】"
429,"環境用藥","薇薾登股份有限公司","22434331","立滅寧","環署衛製字第1685號","20151101","03100012-00002","無","【效期屆滿】"
430,"環境用藥","薇薾登股份有限公司","22434331","速必效擊殺雙效煙霧殺蟲劑","環署衛製字第1701號","20151101","03100012-00003","無","【效期屆滿】"
431,"環境用藥","薇薾登股份有限公司","22434331","虫光乳劑","環署衛製字第1702號","20151101","03100012-00004","無","【效期屆滿】"
432,"環境用藥","薇薾登股份有限公司","22434331","登熱治殺蟲劑","環署衛製字第1704號","20151101","03100012-00005","無","【效期屆滿】"
433,"環境用藥","薇薾登股份有限公司","22434331","利寧1.5%液劑","環署衛製字第1728號","20151101","03100012-00006","無","【效期屆滿】"
434,"環境用藥","薇薾登股份有限公司","22434331","穩無蠓粒劑","環署衛製字第1789號","20151101","03100012-00007","無","【效期屆滿】"
435,"環境用藥","薇薾登股份有限公司","22434331","喜富寧乳劑","環署衛製字第1955號","20151101","03100012-00008","無","【效期屆滿】"
436,"環境用藥","薇薾登股份有限公司","22434331","必威全釋煙霧寶","環署衛製字第2007號","20151101","03100012-00009","無","【效期屆滿】"
437,"環境用藥","薇薾登股份有限公司","22434331","凱普多乳劑","環署衛製字第2020號","20151101","03100012-00010","無","【效期屆滿】"
