﻿序號,產業別,獲證業者,統一編號,產品名稱,產品型號,產品效期,標章編號,品牌名稱,備註
1,"動物用藥","新功藥品工業有限公司","72000958","魚膚寧","動物藥製字第08685號","20270730","03200001-08685","-","【有效】"
2,"動物用藥","新功藥品工業有限公司","72000958","魚菌滅","動物藥製字第08708號","20270730","03200001-08708","-","【有效】"
3,"動物用藥","新功藥品工業有限公司","72000958","治菌能","動物藥製字第08676號","20270730","03200001-08676","-","【有效】"
4,"動物用藥","新功藥品工業有限公司","72000958","癒魚傷","動物藥製字第08686號","20270730","03200001-08686","-","【有效】"
5,"動物用藥","新功藥品工業有限公司","72000958","白黴舒","動物藥製字第08677號","20270730","03200001-08677","-","【有效】"
6,"動物用藥","新功藥品工業有限公司","72000958","滅魚蟲","動物藥製字第08723號","20270730","03200001-08723","-","【有效】"
7,"動物用藥","新功藥品工業有限公司","72000958","黴點避","動物藥製字第08700號","20270730","03200001-08700","-","【有效】"
8,"動物用藥","新功藥品工業有限公司","72000958","除蟲靈","動物藥製字第08694號","20240730","03200001-08694","-","【效期屆滿】"
9,"動物用藥","新功藥品工業有限公司","72000958","虱蟲逃","動物藥製字第08695號","20270730","03200001-08695","-","【有效】"
10,"動物用藥","新功藥品工業有限公司","72000958","剋原蟲","動物藥製字第 08928 號","20200116","03200001-00010","無","【效期屆滿】"
11,"動物用藥","新功藥品工業有限公司","72000958","蟲立淨","動物藥製字第 08942 號","20200116","03200001-00011","無","【效期屆滿】"
12,"動物用藥","新功藥品工業有限公司","72000958","除蟲靈","動物藥製字第 08694 號","20200116","03200001-00012","無","【效期屆滿】"
13,"動物用藥","新功藥品工業有限公司","72000958","虱蟲逃","動物藥製字第 08695 號","20200116","03200001-00013","無","【效期屆滿】"
14,"動物用藥","新功藥品工業有限公司","72000958","癒魚傷","動物藥製字第 08686 號","20200116","03200001-00014","無","【效期屆滿】"
15,"動物用藥","新功藥品工業有限公司","72000958","白黴舒","動物藥製字第 08677 號","20200116","03200001-00015","無","【效期屆滿】"
16,"動物用藥","新功藥品工業有限公司","72000958","滅魚蟲","動物藥製字第 08723 號","20200116","03200001-00016","無","【效期屆滿】"
17,"動物用藥","新功藥品工業有限公司","72000958","黴點避","動物藥製字第 08700 號","20200116","03200001-00017","無","【效期屆滿】"
18,"動物用藥","新功藥品工業有限公司","72000958","魚膚寧","動物藥製字第 08685 號","20200116","03200001-00018","無","【效期屆滿】"
19,"動物用藥","新功藥品工業有限公司","72000958","魚菌滅","動物藥製字第 08708 號","20200116","03200001-00019","無","【效期屆滿】"
20,"動物用藥","新功藥品工業有限公司","72000958","治菌能","動物藥製字第 08676 號","20200116","03200001-00020","無","【效期屆滿】"
21,"動物用藥","新功藥品工業有限公司","72000958","除蟲靈","動物藥製字第 08694 號","20140331","03200001-00001","無","【效期屆滿】"
22,"動物用藥","新功藥品工業有限公司","72000958","虱蟲逃","動物藥製字第 08695 號","20140331","03200001-00002","無","【效期屆滿】"
23,"動物用藥","新功藥品工業有限公司","72000958","癒魚傷","動物藥製字第 08686 號","20140331","03200001-00003","無","【效期屆滿】"
24,"動物用藥","新功藥品工業有限公司","72000958","白黴舒","動物藥製字第 08677 號","20140331","03200001-00004","無","【效期屆滿】"
25,"動物用藥","新功藥品工業有限公司","72000958","滅魚蟲","動物藥製字第 08723 號","20140331","03200001-00005","無","【效期屆滿】"
26,"動物用藥","新功藥品工業有限公司","72000958","黴點避","動物藥製字第 08700 號","20140331","03200001-00006","無","【效期屆滿】"
27,"動物用藥","新功藥品工業有限公司","72000958","魚膚寧","動物藥製字第 08685 號","20140331","03200001-00007","無","【效期屆滿】"
28,"動物用藥","新功藥品工業有限公司","72000958","魚菌滅","動物藥製字第 08708 號","20140331","03200001-00008","無","【效期屆滿】"
29,"動物用藥","新功藥品工業有限公司","72000958","治菌能","動物藥製字第 08676 號","20140331","03200001-00009","無","【效期屆滿】"
30,"動物用藥","新功藥品工業有限公司","72000958","新功滅淨通","動物藥製字第08623號","20210709","03200001-08623","無","【效期屆滿】"
31,"動物用藥","新功藥品工業有限公司","72000958","新功滅淨通80","動物藥製字第08717號","20210709","03200001-08717","無","【效期屆滿】"
32,"動物用藥","新功藥品工業有限公司","72000958","新功碘寶300","動物藥製字第08752號","20210709","03200001-08752","無","【效期屆滿】"
33,"動物用藥","新功藥品工業有限公司","72000958","新功潔立淨","動物藥製字第08806號","20210709","03200001-08806","無","【效期屆滿】"
34,"動物用藥","新功藥品工業有限公司","72000958","新功百氯能","動物藥製字第08818號","20210709","03200001-08818","無","【效期屆滿】"
35,"動物用藥","新功藥品工業有限公司","72000958","新功碘寶50","動物藥製字第08872號","20210709","03200001-08872","無","【效期屆滿】"
36,"動物用藥","新功藥品工業有限公司","72000958","呼立淨粉","動物藥製字第08668號","20210419","03200001-08668","無","【效期屆滿】"
37,"動物用藥","新功藥品工業有限公司","72000958","腸立淨粉","動物藥製字第08669號","20210419","03200001-08669","無","【效期屆滿】"
38,"動物用藥","新功藥品工業有限公司","72000958","滴蟲淨粉","動物藥製字第08671號","20210419","03200001-08671","無","【效期屆滿】"
39,"動物用藥","新功藥品工業有限公司","72000958","滴蟲淨錠","動物藥製字第08672號","20210419","03200001-08672","無","【效期屆滿】"
40,"動物用藥","新功藥品工業有限公司","72000958","蟲滅靈","動物藥製字第08823號","20210419","03200001-08823","無","【效期屆滿】"
41,"動物用藥","新功藥品工業有限公司","72000958","剋原蟲","動物藥製字第08928號","20270730","03200001-08928","-","【有效】"
42,"動物用藥","新功藥品工業有限公司","72000958","蟲立淨","動物藥製字第08942號","20270730","03200001-08942","-","【有效】"
43,"動物用藥","新功藥品工業有限公司","72000958","安犬心大型犬","動物藥製字第08652號","20270616","03200001-08652","-","【有效】"
44,"動物用藥","新功藥品工業有限公司","72000958","安犬心小型犬","動物藥製字第08650號","20270616","03200001-08650","-","【有效】"
45,"動物用藥","新功藥品工業有限公司","72000958","安犬心中型犬","動物藥製字第08651號","20270616","03200001-08651","-","【有效】"
46,"動物用藥","新功藥品工業有限公司","72000958","呼立淨粉","動物藥製字第08668號","20271018","03200001-10000","-","【有效】"
47,"動物用藥","新功藥品工業有限公司","72000958","腸立淨粉","動物藥製字第08669號","20271018","03200001-10001","-","【有效】"
48,"動物用藥","新功藥品工業有限公司","72000958","滴蟲淨粉","動物藥製字第08671號","20271018","03200001-10002","-","【有效】"
49,"動物用藥","新功藥品工業有限公司","72000958","新功百氯能","動物藥製字第08818號","20271018","03200001-10003","-","【有效】"
50,"動物用藥","新功藥品工業有限公司","72000958","新功滅淨通","動物藥製字第08623號","20271018","03200001-10004","-","【有效】"
51,"動物用藥","新功藥品工業有限公司","72000958","新功滅淨通80","動物藥製字第08717號","20271018","03200001-10005","-","【有效】"
52,"動物用藥","新功藥品工業有限公司","72000958","新功碘寶50","動物藥製字第08872號","20271018","03200001-10006","-","【有效】"
53,"動物用藥","新功藥品工業有限公司","72000958","新功碘寶300","動物藥製字第08752號","20271018","03200001-10007","-","【有效】"
54,"動物用藥","新功藥品工業有限公司","72000958","新功潔立淨","動物藥製字第08806號","20271018","03200001-10008","-","【有效】"
55,"動物用藥","新功藥品工業有限公司","72000958","蟲滅靈","動物藥製字第08823號","20271018","03200001-10009","-","【有效】"
56,"動物用藥","新功藥品工業有限公司","72000958","滴蟲淨錠","動物藥製字第08672號","20271018","03200001-10010","-","【有效】"
57,"動物用藥","新功藥品工業有限公司","72000958","蟲剋滅","動物藥製字第08694號","20271018","03200001-10011","-","【有效】"
58,"動物用藥","瑞寶基因股份有限公司","28861633","圓滿豬環狀病毒感染症基因改造次單位疫苗","動物藥製字第09284號","20220724","03200003-09284","-","【效期屆滿】"
59,"動物用藥","瑞寶基因股份有限公司","28861633","寬活豬生殖與呼吸綜合症基因改造次單位疫苗","動物用藥製字第08785號","20211114","03200003-08785","-","【效期屆滿】"
60,"動物用藥","瑞寶基因股份有限公司","28861633","康活豬生殖與呼吸綜合症基因改造次單位疫苗","動物藥製字第08785號","20240906","03200003-10000","-","【效期屆滿】"
61,"動物用藥","瑞寶基因股份有限公司","28861633","PRRSFREE寬活豬生殖與呼吸綜合症次單位疫苗","動物藥製字第08785號","20160531","03200003-08785","無","【效期屆滿】"
62,"動物用藥","公源藥品股份有限公司","33232699","剋菌240","動物藥製字第 08062號","20140531","03200004-08062","無","【效期屆滿】"
63,"動物用藥","公源藥品股份有限公司","33232699","喘息寧","動物藥製字第 07774號","20140531","03200004-07774","無","【效期屆滿】"
64,"動物用藥","公源藥品股份有限公司","33232699","咳嗽爽200","動物藥製字第07632號","20140808","03200004-07632","無","【效期屆滿】"
65,"動物用藥","公源藥品股份有限公司","33232699","安百靈200","動物藥製字第07634號","20140808","03200004-07634","無","【效期屆滿】"
66,"動物用藥","公源藥品股份有限公司","33232699","陶樂爽","動物藥製字第07852號","20140808","03200004-07852","無","【效期屆滿】"
67,"動物用藥","公源藥品股份有限公司","33232699","速可健-500","動物藥製字第07904號","20140808","03200004-07904","無","【效期屆滿】"
68,"動物用藥","公源藥品股份有限公司","33232699","賜福靈150","動物藥製字第07309號","20140808","03200004-07309","無","【效期屆滿】"
69,"動物用藥","公源藥品股份有限公司","33232699","利可健 15%","動物藥製字第07397號","20140822","03200004-07397","無","【效期屆滿】"
70,"動物用藥","公源藥品股份有限公司","33232699","速定250","動物藥製字第F0580號","20140822","03200004-F0580","無","【效期屆滿】"
71,"動物用藥","公源藥品股份有限公司","33232699","神庇靈 500","動物藥製字第08593號","20140927","03200004-08593","無","【效期屆滿】"
72,"動物用藥","公源藥品股份有限公司","33232699","福佳-10","動物藥製字第08012號","20140927","03200004-08012","無","【效期屆滿】"
73,"動物用藥","公源藥品股份有限公司","33232699","剋痢淨500","動物藥製字第07299號","20140927","03200004-07299","無","【效期屆滿】"
74,"動物用藥","公源藥品股份有限公司","33232699","福佳-20口服液","動物藥製字第08013號","20140927","03200004-08013","無","【效期屆滿】"
75,"動物用藥","公源藥品股份有限公司","33232699","吉利黴素","動物藥製字第08581號","20140927","03200004-08581","無","【效期屆滿】"
76,"動物用藥","公源藥品股份有限公司","33232699","剋疫能100","動物藥製字第07633號","20140927","03200004-07633","無","【效期屆滿】"
77,"動物用藥","公源藥品股份有限公司","33232699","敵痢淨","動物藥製字第F0387號","20140927","03200004-F0387","無","【效期屆滿】"
78,"動物用藥","公源藥品股份有限公司","33232699","歐來金-200","動物藥製字第F0381號","20140927","03200004-F0381","無","【效期屆滿】"
79,"動物用藥","公源藥品股份有限公司","33232699","安比西林滅菌懸浮液","動物藥製字第04884號","20141116","03200004-04884","無","【效期屆滿】"
80,"動物用藥","公源藥品股份有限公司","33232699","必安黴素 S","動物藥製字第05442號","20141116","03200004-05442","無","【效期屆滿】"
81,"動物用藥","公源藥品股份有限公司","33232699","蟲必清","動物藥製字第07720號","20141116","03200004-07720","無","【效期屆滿】"
82,"動物用藥","公源藥品股份有限公司","33232699","倍康","動物藥製字第00210號","20141116","03200004-00210","無","【效期屆滿】"
83,"動物用藥","公源藥品股份有限公司","33232699","神庇靈M","動物藥製字第00213號","20141116","03200004-00213","無","【效期屆滿】"
84,"動物用藥","公源藥品股份有限公司","33232699","神庇靈20","動物藥製字第00189號","20141116","03200004-00189","無","【效期屆滿】"
85,"動物用藥","公源藥品股份有限公司","33232699","必安生注射液","動物藥製字第04883號","20141116","03200004-04883","無","【效期屆滿】"
86,"動物用藥","公源藥品股份有限公司","33232699","得佳","動物藥製字第00672號","20141116","03200004-00672","無","【效期屆滿】"
87,"動物用藥","公源藥品股份有限公司","33232699","輔力寧","動物藥製字第05737號","20141116","03200004-05737","無","【效期屆滿】"
88,"動物用藥","公源藥品股份有限公司","33232699","利效特 5%","動物藥製字第07396號","20141116","03200004-07396","無","【效期屆滿】"
89,"動物用藥","公源藥品股份有限公司","33232699","利效特 10%","動物藥製字第07398號","20141116","03200004-07398","無","【效期屆滿】"
90,"動物用藥","公源藥品股份有限公司","33232699","喘息寧注射劑","動物藥製字第08770號","20141203","03200004-08770","無","【效期屆滿】"
91,"動物用藥","公源藥品股份有限公司","33232699","益剋球","動物藥製字第08280號","20141203","03200004-08280","無","【效期屆滿】"
92,"動物用藥","公源藥品股份有限公司","33232699","百利先粉劑","動物藥製字第 01203號","20141203","03200004-01203","無","【效期屆滿】"
93,"動物用藥","公源藥品股份有限公司","33232699","泰樂仙-S","動物藥製字第07247號","20141203","03200004-07247","無","【效期屆滿】"
94,"動物用藥","公源藥品股份有限公司","33232699","特維靈水溶性散劑","動物藥製字第03755號","20141203","03200004-03755","無","【效期屆滿】"
95,"動物用藥","公源藥品股份有限公司","33232699","泰猛 250","動物藥製字第08316號","20141203","03200004-08316","無","【效期屆滿】"
96,"動物用藥","中國化學製藥股份有限公司","03088802","雅黴素飲水劑500","動物藥製字第06981號","20160615","03200002-06981","無","【效期屆滿】"
97,"動物用藥","中國化學製藥股份有限公司","03088802","林可黴素40%","動物藥製字第08411號","20160615","03200002-08411","無","【效期屆滿】"
98,"動物用藥","中國化學製藥股份有限公司","03088802","泰樂新水溶性散劑","動物藥製字第06897號","20160615","03200002-06897","無","【效期屆滿】"
99,"動物用藥","中國化學製藥股份有限公司","03088802","唬蟲靈5%","動物藥製字第04158號","20160615","03200002-04158","無","【效期屆滿】"
100,"動物用藥","中國化學製藥股份有限公司","03088802","泰利美寧散","動物藥製字第06919號","20160615","03200002-06919","無","【效期屆滿】"
101,"動物用藥","中國化學製藥股份有限公司","03088802","多欣-200","動物藥製字第08303號","20160615","03200002-08303","無","【效期屆滿】"
102,"動物用藥","中國化學製藥股份有限公司","03088802","克嗽靈","動物藥製字第08000號","20160615","03200002-08000","無","【效期屆滿】"
103,"動物用藥","中國化學製藥股份有限公司","03088802","中國化學-羥四環素-500","動物藥製字第08087號","20160615","03200002-08087","無","【效期屆滿】"
104,"動物用藥","中國化學製藥股份有限公司","03088802","可賜興666","動物藥製字第08379號","20160615","03200002-08379","無","【效期屆滿】"
105,"動物用藥","中國化學製藥股份有限公司","03088802","肥力王-R","動物藥製字第08090號","20160615","03200002-08090","無","【效期屆滿】"
106,"動物用藥","中國化學製藥股份有限公司","03088802","滅球靈","動物藥製字第08597號","20160615","03200002-08597","無","【效期屆滿】"
107,"動物用藥","中國化學製藥股份有限公司","03088802","賜福素散","動物藥製字第07045號","20160615","03200002-07045","無","【效期屆滿】"
108,"動物用藥","中國化學製藥股份有限公司","03088802","中化泰妙素20%","動物藥製字第07033號","20160615","03200002-07033","無","【效期屆滿】"
109,"動物用藥","中國化學製藥股份有限公司","03088802","安蒙西林 20%","動物藥製字第07767號","20160720","03200002-07767","無","【效期屆滿】"
110,"動物用藥","中國化學製藥股份有限公司","03088802","安蒙西林 50%","動物藥製字第07813號","20160720","03200002-07813","無","【效期屆滿】"
111,"動物用藥","中國化學製藥股份有限公司","03088802","奧通奪軟膏","動物藥製字第07593號","20160720","03200002-07593","無","【效期屆滿】"
112,"動物用藥","中國化學製藥股份有限公司","03088802","新萬靈素軟膏","動物藥製字第08089號","20160720","03200002-08089","無","【效期屆滿】"
113,"動物用藥","中國化學製藥股份有限公司","03088802","萬靈素軟膏","動物藥製字第00151號","20160720","03200002-00151","無","【效期屆滿】"
114,"動物用藥","中國化學製藥股份有限公司","03088802","泌多靈軟膏","動物藥製字第08155號","20160720","03200002-08155","無","【效期屆滿】"
115,"動物用藥","中國化學製藥股份有限公司","03088802","安西林鈉注射劑","動物藥製字第07147號","20160720","03200002-07147","無","【效期屆滿】"
116,"動物用藥","中國化學製藥股份有限公司","03088802","安蒙西林 - 150","動物藥製字第08311號","20160720","03200002-08311","無","【效期屆滿】"
117,"動物用藥","中國化學製藥股份有限公司","03088802","讚配尼長效注射劑","動物藥製字第08147號","20160720","03200002-08147","無","【效期屆滿】"
118,"動物用藥","中國化學製藥股份有限公司","03088802","配尼黴素S針","動物藥製字第00146號","20160720","03200002-00146","無","【效期屆滿】"
119,"動物用藥","中國化學製藥股份有限公司","03088802","配尼濁注射液","動物藥製字第00142號","20160720","03200002-00142","無","【效期屆滿】"
120,"動物用藥","信東動物藥品股份有限公司","24210765","信東-信保欣水溶散","動物藥製字第07196號","20160713","03200005-07196","無","【效期屆滿】"
121,"動物用藥","信東動物藥品股份有限公司","24210765","安保強","動物藥製字第07945號","20160713","03200005-07945","無","【效期屆滿】"
122,"動物用藥","信東動物藥品股份有限公司","24210765","信東-安保強50","動物藥製字第08645號","20160713","03200005-08645","無","【效期屆滿】"
123,"動物用藥","信東動物藥品股份有限公司","24210765","信美樂","動物藥製字第07934號","20160713","03200005-07934","無","【效期屆滿】"
124,"動物用藥","信東動物藥品股份有限公司","24210765","信東-催美素水溶散","動物藥製字第07116號","20160713","03200005-07116","無","【效期屆滿】"
125,"動物用藥","信東動物藥品股份有限公司","24210765","晶鑽TS-480","動物藥製字第08642號","20160713","03200005-08642","無","【效期屆滿】"
126,"動物用藥","信東動物藥品股份有限公司","24210765","泰必寧20","動物藥製字第08692號","20160713","03200005-08692","無","【效期屆滿】"
127,"動物用藥","信東動物藥品股份有限公司","24210765","晶鑽泰妙22","動物藥製字第F0685號","20160713","03200005-F0685","無","【效期屆滿】"
128,"動物用藥","信東動物藥品股份有限公司","24210765","信東-歐新黴素水溶散","動物藥製字第07099號","20160713","03200005-07099","無","【效期屆滿】"
129,"動物用藥","信東動物藥品股份有限公司","24210765","信東-氯四環素15.4%","動物藥製字第08687號","20160713","03200005-08687","無","【效期屆滿】"
130,"動物用藥","信東動物藥品股份有限公司","24210765","泰樂黴素-220","動物藥製字第F0344號","20160713","03200005-F0344","無","【效期屆滿】"
131,"動物用藥","信東動物藥品股份有限公司","24210765","信東-力剋黴素22%","動物藥製字第08711號","20160713","03200005-08711","無","【效期屆滿】"
132,"動物用藥","信東動物藥品股份有限公司","24210765","信東-力剋黴素40%","動物藥製字第08712號","20160713","03200005-08712","無","【效期屆滿】"
133,"動物用藥","信東動物藥品股份有限公司","24210765","信東-旺達-200","動物藥製字第F0476號","20160713","03200005-F0476","無","【效期屆滿】"
134,"動物用藥","信東動物藥品股份有限公司","24210765","信東-卡得-110","動物藥製字第F0477號","20160713","03200005-F0477","無","【效期屆滿】"
135,"動物用藥","信東動物藥品股份有限公司","24210765","信東-歐樂素50","動物藥製字第08644號","20160713","03200005-08644","無","【效期屆滿】"
136,"動物用藥","信東動物藥品股份有限公司","24210765","肺樂捷2%","動物藥製字第08649號","20160713","03200005-08649","無","【效期屆滿】"
137,"動物用藥","信東動物藥品股份有限公司","24210765","信東-益滅菌50","動物藥製字第08693號","20160713","03200005-08693","無","【效期屆滿】"
138,"動物用藥","信東動物藥品股份有限公司","24210765","信東-畜諾肥","動物藥製字第F0681號","20160713","03200005-F0681","無","【效期屆滿】"
139,"動物用藥","信東動物藥品股份有限公司","24210765","信東-泰樂強20","動物藥製字第08759號","20160713","03200005-08759","無","【效期屆滿】"
140,"動物用藥","信東動物藥品股份有限公司","24210765","信東-速美淨","動物藥製字第08774號","20160713","03200005-08774","無","【效期屆滿】"
141,"動物用藥","信東動物藥品股份有限公司","24210765","克球寧可溶散","動物藥製字第00347號","20160713","03200005-00347","無","【效期屆滿】"
142,"動物用藥","信東動物藥品股份有限公司","24210765","信東-速益美476","動物藥製字第08790號","20160713","03200005-08790","無","【效期屆滿】"
143,"動物用藥","大安化學製藥股份有限公司","69546527","25%大安牛豬安","動物藥製字第02900號","20160816","03200006-02900","無","【效期屆滿】"
144,"動物用藥","大安化學製藥股份有限公司","69546527","道西靈-20","動物藥製字第07841號","20160816","03200006-07841","無","【效期屆滿】"
145,"動物用藥","大安化學製藥股份有限公司","69546527","安莫能-20","動物藥製字第07842號","20160816","03200006-07842","無","【效期屆滿】"
146,"動物用藥","大安化學製藥股份有限公司","69546527","安莫能-50","動物藥製字第07930號","20160816","03200006-07930","無","【效期屆滿】"
147,"動物用藥","大豐疫苗科技股份有限公司","56025209","大豐家禽霍亂不活化菌苗","動物藥製字第00651號","20160816","03200007-00651","無","【效期屆滿】"
148,"動物用藥","大豐疫苗科技股份有限公司","56025209","大豐豬丹毒活菌苗","動物藥製字第07113號","20160816","03200007-07113","無","【效期屆滿】"
149,"動物用藥","大豐疫苗科技股份有限公司","56025209","大豐乾燥兔化豬瘟疫苗","動物藥製字第05576號","20160816","03200007-05576","無","【效期屆滿】"
150,"動物用藥","大豐疫苗科技股份有限公司","56025209","大豐雞新城病、傳染性鼻炎不活化混合疫苗","動物藥製字第07969號","20160822","03200007-07969","無","【效期屆滿】"
151,"動物用藥","大豐疫苗科技股份有限公司","56025209","大豐雞新城病、支氣管炎不活化混合疫苗","動物藥製字第07858號","20160822","03200007-07858","無","【效期屆滿】"
152,"動物用藥","大豐疫苗科技股份有限公司","56025209","大豐雞新城病、支氣管炎不活化混合疫苗(油質)","動物藥製字第07857號","20160822","03200007-07857","無","【效期屆滿】"
153,"動物用藥","大豐疫苗科技股份有限公司","56025209","大豐雞新城病、支氣管炎、產卵下降症不活化混合疫苗(油質)","動物藥製字第08326號","20160822","03200007-08326","無","【效期屆滿】"
154,"動物用藥","大豐疫苗科技股份有限公司","56025209","大豐豬放線桿菌胸膜肺炎不活化菌苗","動物藥製字第07440號","20160822","03200007-07440","無","【效期屆滿】"
155,"動物用藥","大豐疫苗科技股份有限公司","56025209","大豐豬假性狂犬病不活化疫苗(油質)","動物藥製字第06861號","20160822","03200007-06861","無","【效期屆滿】"
156,"動物用藥","大豐疫苗科技股份有限公司","56025209","大豐雞新城病不活化疫苗","動物藥製字第00652號","20160822","03200007-00652","無","【效期屆滿】"
157,"動物用藥","大豐疫苗科技股份有限公司","56025209","大豐雞新城病、傳染性支氣管炎活毒混合疫苗(B1株)","動物藥製字第07763號","20160822","03200007-07763","無","【效期屆滿】"
158,"動物用藥","大豐疫苗科技股份有限公司","56025209","大豐雞新城病傳染性支氣管炎活毒混合疫苗(Lasota株)","動物藥製字第07970號","20160822","03200007-07970","無","【效期屆滿】"
159,"動物用藥","全信製藥有限公司","40064253","杜克黴素-200","動物藥製字第08275號","20160913","03200008-08275","無","【效期屆滿】"
160,"動物用藥","全信製藥有限公司","40064253","安克西林水溶散","動物藥製字第07779號","20160913","03200008-07779","無","【效期屆滿】"
161,"動物用藥","全信製藥有限公司","40064253","蟲滅淨","動物藥製字第08011號","20160913","03200008-08011","無","【效期屆滿】"
162,"動物用藥","全信製藥有限公司","40064253","歐速寧散-120","動物藥製字第07809號","20160913","03200008-07809","無","【效期屆滿】"
163,"動物用藥","全信製藥有限公司","40064253","靈克素-400水溶散","動物藥製字第07810號","20160913","03200008-07810","無","【效期屆滿】"
164,"動物用藥","全信製藥有限公司","40064253","打蟲靈","動物藥製字第07007號","20160913","03200008-07007","無","【效期屆滿】"
165,"動物用藥","全信製藥有限公司","40064253","除狗蝨85%","動物藥製字第07008號","20160913","03200008-07008","無","【效期屆滿】"
166,"動物用藥","全信製藥有限公司","40064253","全信泰力欣水溶散","動物藥製字第07823號","20160913","03200008-07823","無","【效期屆滿】"
167,"動物用藥","全信製藥有限公司","40064253","安莫西林-500水溶散","動物藥製字第07824號","20160913","03200008-07824","無","【效期屆滿】"
168,"動物用藥","全信製藥有限公司","40064253","速力新","動物藥製字第08307號","20160913","03200008-08307","無","【效期屆滿】"
169,"動物用藥","全信製藥有限公司","40064253","全信驅蟲靈50","動物藥製字第08317號","20160913","03200008-08317","無","【效期屆滿】"
170,"動物用藥","全信製藥有限公司","40064253","痢特靈-48","動物藥製字第07193號","20160913","03200008-07193","無","【效期屆滿】"
171,"動物用藥","全信製藥有限公司","40064253","全滅菌","動物藥製字第07194號","20160913","03200008-07194","無","【效期屆滿】"
172,"動物用藥","全信製藥有限公司","40064253","全信-球蟲王（粉）","動物藥製字第03789號","20160913","03200008-03789","無","【效期屆滿】"
173,"動物用藥","全信製藥有限公司","40064253","全信-紅黴素175","動物藥製字第03791號","20160913","03200008-03791","無","【效期屆滿】"
174,"動物用藥","全信製藥有限公司","40064253","全信吉安黴素-100","動物藥製字第07878號","20160913","03200008-07878","無","【效期屆滿】"
175,"動物用藥","全信製藥有限公司","40064253","全信-四環紅黴素","動物藥製字第03815號","20160913","03200008-03815","無","【效期屆滿】"
176,"動物用藥","全信製藥有限公司","40064253","普維龍碘液-30","動物藥製字第07784號","20160109","03200008-07784","無","【效期屆滿】"
177,"動物用藥","全信製藥有限公司","40064253","普維龍碘液-50","動物藥製字第08010號","20160109","03200008-08010","無","【效期屆滿】"
178,"動物用藥","全信製藥有限公司","40064253","百可特-80","動物藥製字第06121號","20160109","03200008-06121","無","【效期屆滿】"
179,"動物用藥","全信製藥有限公司","40064253","百毒靈-50","動物藥製字第07828號","20160109","03200008-07828","無","【效期屆滿】"
180,"動物用藥","全信製藥有限公司","40064253","百可特-10","動物藥製字第04609號","20160109","03200008-04609","無","【效期屆滿】"
181,"動物用藥","全信製藥有限公司","40064253","百可特501","動物藥製字第05510號","20160109","03200008-05510","無","【效期屆滿】"
182,"動物用藥","全信製藥有限公司","40064253","普維龍碘液","動物藥製字第05540號","20160109","03200008-05540","無","【效期屆滿】"
183,"動物用藥","全信製藥有限公司","40064253","百特淨","動物藥製字第07929號","20160109","03200008-07929","無","【效期屆滿】"
184,"動物用藥","全信製藥有限公司","40064253","可滅淨","動物藥製字第07830號","20160109","03200008-07830","無","【效期屆滿】"
185,"動物用藥","全信製藥有限公司","40064253","全信-敵蟲強","動物藥製字第03843號","20170917","03200008-03843","無","【效期屆滿】"
186,"動物用藥","全信製藥有限公司","40064253","全信泰美200","動物藥製字第08537號","20170917","03200008-08537","無","【效期屆滿】"
187,"動物用藥","全信製藥有限公司","40064253","福樂可","動物藥製字第08216號","20170917","03200008-08216","無","【效期屆滿】"
188,"動物用藥","全信製藥有限公司","40064253","全信羥四環素-500","動物藥製字第08222號","20170917","03200008-08222","無","【效期屆滿】"
189,"動物用藥","全信製藥有限公司","40064253","克枯","動物藥製字第08232號","20170917","03200008-08232","無","【效期屆滿】"
190,"動物用藥","全信製藥有限公司","40064253","僅大黴素","動物藥製字第07249號","20170917","03200008-07249","無","【效期屆滿】"
191,"動物用藥","全信製藥有限公司","40064253","克咳-20","動物藥製字第07612號","20170917","03200008-07612","無","【效期屆滿】"
192,"動物用藥","全信製藥有限公司","40064253","全信安莫西林-200","動物藥製字第07613號","20170917","03200008-07613","無","【效期屆滿】"
193,"動物用藥","全信製藥有限公司","40064253","全滅菌-500","動物藥製字第07615號","20170917","03200008-07615","無","【效期屆滿】"
194,"動物用藥","全信製藥有限公司","40064253","滅蟲靈","動物藥製字第07928號","20170917","03200008-07928","無","【效期屆滿】"
195,"動物用藥","全信製藥有限公司","40064253","益美","動物藥製字第08251號","20170917","03200008-08251","無","【效期屆滿】"
196,"動物用藥","全信製藥有限公司","40064253","靈貝素-220","動物藥製字第08579號","20170917","03200008-08579","無","【效期屆滿】"
197,"動物用藥","全信製藥有限公司","40064253","痢好素散","動物藥製字第07739號","20170917","03200008-07739","無","【效期屆滿】"
198,"動物用藥","全信製藥有限公司","40064253","新農好驅蟲","動物藥製字第00410號","20150917","03200008-00410","無","【效期屆滿】"
199,"動物用藥","全信製藥有限公司","40064253","魚聖","動物藥製字第08703號","20170917","03200008-08703","無","【效期屆滿】"
200,"動物用藥","全信製藥有限公司","40064253","魚蟲死","動物藥製字第08701號","20170917","03200008-08701","無","【效期屆滿】"
201,"動物用藥","全信製藥有限公司","40064253","靈克素-110","動物藥製字第08764號","20170917","03200008-08764","無","【效期屆滿】"
202,"動物用藥","全信製藥有限公司","40064253","靈貝素-110","動物藥製字第08767號","20170917","03200008-08767","無","【效期屆滿】"
203,"動物用藥","台灣生物製劑股份有限公司","59851907","台生豬瘟組織培養活毒疫苗","動物藥製字第07575號","20140927","03200009-07575","無","【效期屆滿】"
204,"動物用藥","瑞立化學製藥股份有限公司","33664372","復立克口服液10%","動物藥製字第08161號","20150111","03200011-08161","無","【效期屆滿】"
205,"動物用藥","瑞立化學製藥股份有限公司","33664372","道格斯口服液 20%","動物藥製字第08145號","20150111","03200011-08145","無","【效期屆滿】"
206,"動物用藥","瑞立化學製藥股份有限公司","33664372","泰壯口服液250","動物藥製字第08229號","20150111","03200011-08229","無","【效期屆滿】"
207,"動物用藥","瑞立化學製藥股份有限公司","33664372","立賜挺","動物藥製字第08533號","20150111","03200011-08533","無","【效期屆滿】"
208,"動物用藥","瑞立化學製藥股份有限公司","33664372","泰龍 200","動物藥製字第08331號","20150111","03200011-08331","無","【效期屆滿】"
209,"動物用藥","瑞立化學製藥股份有限公司","33664372","復美康500","動物藥製字第08536號","20150111","03200011-08536","無","【效期屆滿】"
210,"動物用藥","瑞立化學製藥股份有限公司","33664372","克疫靈 500","動物藥製字第08340號","20150111","03200011-08340","無","【效期屆滿】"
211,"動物用藥","瑞立化學製藥股份有限公司","33664372","克疫靈 800","動物藥製字第08335號","20150111","03200011-08335","無","【效期屆滿】"
212,"動物用藥","瑞立化學製藥股份有限公司","33664372","瑞立碘溶液 5%","動物藥製字第07537號","20150111","03200011-07537","無","【效期屆滿】"
213,"動物用藥","瑞立化學製藥股份有限公司","33664372","瑞立優碘特","動物藥製字第07538號","20150111","03200011-07538","無","【效期屆滿】"
214,"動物用藥","瑞立化學製藥股份有限公司","33664372","金雞乳劑","動物藥製字第08590號","20150111","03200011-08590","無","【效期屆滿】"
215,"動物用藥","瑞立化學製藥股份有限公司","33664372","保畜淨液","動物藥製字第01932號","20150111","03200011-01932","無","【效期屆滿】"
216,"動物用藥","瑞立化學製藥股份有限公司","33664372","安莫靈-200","動物藥製字第07642號","20171126","03200011-07642","無","【效期屆滿】"
217,"動物用藥","瑞立化學製藥股份有限公司","33664372","安莫靈-500","動物藥製字第08328號","20171126","03200011-08328","無","【效期屆滿】"
218,"動物用藥","瑞立化學製藥股份有限公司","33664372","雪哈立黴素","動物藥製字第07714號","20171126","03200011-07714","無","【效期屆滿】"
219,"動物用藥","瑞立化學製藥股份有限公司","33664372","道格斯黴素125","動物藥製字第05718號","20171126","03200011-05718","無","【效期屆滿】"
220,"動物用藥","瑞立化學製藥股份有限公司","33664372","道格斯黴素20%","動物藥製字第07976號","20171126","03200011-07976","無","【效期屆滿】"
221,"動物用藥","瑞立化學製藥股份有限公司","33664372","復立克散2％","動物藥製字第08298號","20171126","03200011-08298","無","【效期屆滿】"
222,"動物用藥","瑞立化學製藥股份有限公司","33664372","咳靈","動物藥製字第02994號","20171126","03200011-02994","無","【效期屆滿】"
223,"動物用藥","瑞立化學製藥股份有限公司","33664372","鞭打蟲","動物藥製字第08587號","20171126","03200011-08587","無","【效期屆滿】"
224,"動物用藥","瑞立化學製藥股份有限公司","33664372","雅特佳","動物藥製字第07953號","20171126","03200011-07953","無","【效期屆滿】"
225,"動物用藥","瑞立化學製藥股份有限公司","33664372","速克亞","動物藥製字第08504號","20171126","03200011-08504","無","【效期屆滿】"
226,"動物用藥","瑞立化學製藥股份有限公司","33664372","哈肥恩","動物藥製字第08582號","20171126","03200011-08582","無","【效期屆滿】"
227,"動物用藥","瑞立化學製藥股份有限公司","33664372","速效粉","動物藥製字第02740號","20171126","03200011-02740","無","【效期屆滿】"
228,"動物用藥","瑞立化學製藥股份有限公司","33664372","效靈粉","動物藥製字第07719號","20171126","03200011-07719","無","【效期屆滿】"
229,"動物用藥","瑞立化學製藥股份有限公司","33664372","泰壯","動物藥製字第08168號","20171126","03200011-08168","無","【效期屆滿】"
230,"動物用藥","瑞立化學製藥股份有限公司","33664372","泰美靈450","動物藥製字第08573號","20171126","03200011-08573","無","【效期屆滿】"
231,"動物用藥","瑞立化學製藥股份有限公司","33664372","泰美靈可溶散","動物藥製字第04460號","20171126","03200011-04460","無","【效期屆滿】"
232,"動物用藥","瑞立化學製藥股份有限公司","33664372","安泰靈","動物藥製字第08423號","20171126","03200011-08423","無","【效期屆滿】"
233,"動物用藥","瑞立化學製藥股份有限公司","33664372","泰龍 500","動物藥製字第08336號","20171126","03200011-08336","無","【效期屆滿】"
234,"動物用藥","瑞立化學製藥股份有限公司","33664372","畜王靈-100","動物藥製字第07643號","20171126","03200011-07643","無","【效期屆滿】"
235,"動物用藥","瑞立化學製藥股份有限公司","33664372","力速強散","動物藥製字第08142號","20171126","03200011-08142","無","【效期屆滿】"
236,"動物用藥","瑞立化學製藥股份有限公司","33664372","林可肥400","動物藥製字第08428號","20171126","03200011-08428","無","【效期屆滿】"
237,"動物用藥","瑞立化學製藥股份有限公司","33664372","林可肥110","動物藥製字第08432號","20171126","03200011-08432","無","【效期屆滿】"
238,"動物用藥","瑞立化學製藥股份有限公司","33664372","安可靈","動物藥製字第05060號","20171126","03200011-05060","無","【效期屆滿】"
239,"動物用藥","瑞立化學製藥股份有限公司","33664372","泰美靈200","動物藥製字第08869號","20171126","03200011-08869","無","【效期屆滿】"
240,"動物用藥","瑞立化學製藥股份有限公司","33664372","巧避黴","動物藥製字第08897號","20171126","03200011-08897","無","【效期屆滿】"
241,"動物用藥","瑞立化學製藥股份有限公司","33664372","保衛靈","動物藥製字第08835號","20171126","03200011-08835","無","【效期屆滿】"
242,"動物用藥","南亞畜牧股份有限公司","71135057","泰牧素-100","動物藥製字第06890號","20161203","03200010-06890","無","【效期屆滿】"
243,"動物用藥","南亞畜牧股份有限公司","71135057","泰牧素-200","動物藥製字第06465號","20161203","03200010-06465","無","【效期屆滿】"
244,"動物用藥","南亞畜牧股份有限公司","71135057","福祿滅菌 500","動物藥製字第07160號","20161203","03200010-07160","無","【效期屆滿】"
245,"動物用藥","南亞畜牧股份有限公司","71135057","太美肥","動物藥製字第F0521號","20161203","03200010-F0521","無","【效期屆滿】"
246,"動物用藥","南亞畜牧股份有限公司","71135057","可利黴素十倍散","動物藥製字第04222號","20161203","03200010-04222","無","【效期屆滿】"
247,"動物用藥","南亞畜牧股份有限公司","71135057","南亞安莫黴素-200","動物藥製字第07625號","20161203","03200010-07625","無","【效期屆滿】"
248,"動物用藥","南亞畜牧股份有限公司","71135057","南亞安莫黴素-500","動物藥製字第08224號","20161203","03200010-08224","無","【效期屆滿】"
249,"動物用藥","南亞畜牧股份有限公司","71135057","南亞福洛德S-20黴素","動物藥製字第08211號","20161203","03200010-08211","無","【效期屆滿】"
250,"動物用藥","南亞畜牧股份有限公司","71135057","施福黴素","動物藥製字第04700號","20161203","03200010-04700","無","【效期屆滿】"
251,"動物用藥","南亞畜牧股份有限公司","71135057","大德西林-200","動物藥製字第08262號","20161203","03200010-08262","無","【效期屆滿】"
252,"動物用藥","南亞畜牧股份有限公司","71135057","安畜丹TS-48","動物藥製字第07624號","20161203","03200010-07624","無","【效期屆滿】"
253,"動物用藥","南亞畜牧股份有限公司","71135057","能快肥-110","動物藥製字第08287號","20161203","03200010-08287","無","【效期屆滿】"
254,"動物用藥","南亞畜牧股份有限公司","71135057","立特黴素","動物藥製字第07395號","20161203","03200010-07395","無","【效期屆滿】"
255,"動物用藥","南亞畜牧股份有限公司","71135057","樂肥速SP","動物藥製字第08518號","20161203","03200010-08518","無","【效期屆滿】"
256,"動物用藥","南亞畜牧股份有限公司","71135057","加倍大CX-110","動物藥製字第F0534號","20161203","03200010-F0534","無","【效期屆滿】"
257,"動物用藥","南亞畜牧股份有限公司","71135057","歐可喜","動物藥製字第07793號","20161203","03200010-07793","無","【效期屆滿】"
258,"動物用藥","南亞畜牧股份有限公司","71135057","健安肺康-100","動物藥製字第07568號","20161203","03200010-07568","無","【效期屆滿】"
259,"動物用藥","南亞畜牧股份有限公司","71135057","南亞泰立勇200","動物藥製字第08374號","20161203","03200010-08374","無","【效期屆滿】"
260,"動物用藥","南亞畜牧股份有限公司","71135057","砷又寶","動物藥製字第07792號","20161203","03200010-07792","無","【效期屆滿】"
261,"動物用藥","南亞畜牧股份有限公司","71135057","加倍大-S","動物藥製字第01170號","20161203","03200010-01170","無","【效期屆滿】"
262,"動物用藥","南亞畜牧股份有限公司","71135057","南亞福洛德S-10黴素","動物藥製字第08139號","20141130","03200010-08139","無","【效期屆滿】"
263,"動物用藥","天穗製藥有限公司","73129571","樂富多 10","動物藥製字第08604號","20170613","03200012-08604","無","【效期屆滿】"
264,"動物用藥","天穗製藥有限公司","73129571","普利淨治療用散劑","動物藥製字第07122號","20170613","03200012-07122","無","【效期屆滿】"
265,"動物用藥","凱邁化學製藥股份有限公司","22432713","安莫西林-200","動物藥製字第07679號","20170723","03200013-07679","無","【效期屆滿】"
266,"動物用藥","凱邁化學製藥股份有限公司","22432713","頭孢力欣-150","動物藥製字第07678號","20170723","03200013-07678","無","【效期屆滿】"
267,"動物用藥","凱邁化學製藥股份有限公司","22432713","必肥靈-400","動物藥製字第07718號","20170723","03200013-07718","無","【效期屆滿】"
268,"動物用藥","凱邁化學製藥股份有限公司","22432713","依可滅0.6％","動物藥製字第07799號","20170723","03200013-07799","無","【效期屆滿】"
269,"動物用藥","凱邁化學製藥股份有限公司","22432713","凱泰黴素-50","動物藥製字第07979號","20170723","03200013-07979","無","【效期屆滿】"
270,"動物用藥","凱邁化學製藥股份有限公司","22432713","凱邁福樂黴素-20","動物藥製字第08119號","20170723","03200013-08119","無","【效期屆滿】"
271,"動物用藥","凱邁化學製藥股份有限公司","22432713","普力靈 240P","動物藥製字第08193號","20170723","03200013-08193","無","【效期屆滿】"
272,"動物用藥","凱邁化學製藥股份有限公司","22432713","凱邁安泰黴素200","動物藥製字第08367號","20170723","03200013-08367","無","【效期屆滿】"
273,"動物用藥","凱邁化學製藥股份有限公司","22432713","凱痢淨 110","動物藥製字第08527號","20170723","03200013-08527","無","【效期屆滿】"
274,"動物用藥","凱邁化學製藥股份有限公司","22432713","達西克靈 200","動物藥製字第08613號","20170723","03200013-08613","無","【效期屆滿】"
275,"動物用藥","凱邁化學製藥股份有限公司","22432713","凱邁克喘靈","動物藥製字第08653號","20170723","03200013-08653","無","【效期屆滿】"
276,"動物用藥","凱邁化學製藥股份有限公司","22432713","必歐肥 200","動物藥製字第F0076號","20150723","03200013-F0076","無","【效期屆滿】"
277,"動物用藥","凱邁化學製藥股份有限公司","22432713","凱砷寶 200","動物藥製字第F0572號","20170723","03200013-F0572","無","【效期屆滿】"
278,"動物用藥","凱邁化學製藥股份有限公司","22432713","凱邁泰妙素-100","動物藥製字第F0622號","20170723","03200013-F0622","無","【效期屆滿】"
279,"動物用藥","凱邁化學製藥股份有限公司","22432713","蠅剋1％","動物藥製字第F0652號","20170723","03200013-F0652","無","【效期屆滿】"
280,"動物用藥","凱邁化學製藥股份有限公司","22432713","研大黴素","動物藥製字第07012號","20170723","03200013-07012","無","【效期屆滿】"
281,"動物用藥","凱邁化學製藥股份有限公司","22432713","新畜黴素100","動物藥製字第07727號","20170723","03200013-07727","無","【效期屆滿】"
282,"動物用藥","凱邁化學製藥股份有限公司","22432713","凱邁海奎諾240","動物藥製字第08916號","20160221","03200013-07014","無","【效期屆滿】"
283,"動物用藥","凱邁化學製藥股份有限公司","22432713","安莫西林500","動物藥製字第08917號","20160221","03200013-07015","無","【效期屆滿】"
284,"動物用藥","凱邁化學製藥股份有限公司","22432713","凱邁驅蟲淨50","動物藥製字第08919號","20160221","03200013-07016","無","【效期屆滿】"
285,"動物用藥","凱邁化學製藥股份有限公司","22432713","凱邁海奎諾240","動物藥製字第08916號","20170723","03200013-08916","無","【效期屆滿】"
286,"動物用藥","凱邁化學製藥股份有限公司","22432713","安莫西林500","動物藥製字第08917號","20170723","03200013-08917","無","【效期屆滿】"
287,"動物用藥","凱邁化學製藥股份有限公司","22432713","凱邁驅蟲淨50","動物藥製字第08919號","20170723","03200013-08919","無","【效期屆滿】"
