﻿序號,產業別,獲證業者,統一編號,產品名稱,產品型號,產品效期,標章編號,品牌名稱,備註
1,"環保標章","三陽工業股份有限公司","24004006","e WOO","環標字第19837號(ED5LU1 A0564P11A01-10)","20250324","20410001-00001","SYM","【有效】"
2,"環保標章","三陽工業股份有限公司","24004006","WOO (115.6 C.C.)","環標字第17039號(HJ11U1 A0564N18A06-10)","20221226","20410001-00003","SYM","【效期屆滿】"
3,"環保標章","三陽工業股份有限公司","24004006","FNXBT(124.9C.C.)","環標字第17040號(FP12W6 A0564N18A05-49)","20221226","20410001-00005","SYM","【效期屆滿】"
4,"環保標章","三陽工業股份有限公司","24004006","迪爵DUKE 125","環標字第17051號(FC12VB A0564N18A05-36)","20230109","20410001-00007","SYM","【效期屆滿】"
5,"環保標章","三陽工業股份有限公司","24004006","迪爵DUKE 125","環標字第17051號(FC12VF A0564N18A05-52)","20230109","20410001-00009","SYM","【效期屆滿】"
6,"環保標章","三陽工業股份有限公司","24004006","VIVO 125","環標字第17052號(FX12T2 A0564N18A05-38 )","20230109","20410001-00011","SYM","【效期屆滿】"
7,"環保標章","三陽工業股份有限公司","24004006","VIVO 125","環標字第17052號 (FX12V5 A0564N18A05-39)","20230109","20410001-00013","SYM","【效期屆滿】"
8,"環保標章","三陽工業股份有限公司","24004006","VIVO 125","環標字第17052號(FX12T4 A0564N18A05-63 )","20230109","20410001-00015","SYM","【效期屆滿】"
9,"環保標章","三陽工業股份有限公司","24004006","Z1 attila (124.6 c.c.)","環標字第17169號(FR12V6 A0564N18A05-47)","20250220","20410001-00017","SYM","【有效】"
10,"環保標章","三陽工業股份有限公司","24004006","VEGA 124.6 c.c.","環標字第17170號(FM12W5 A0564N18A05-45)","20230220","20410001-00019","SYM","【效期屆滿】"
11,"環保標章","三陽工業股份有限公司","24004006","VEGA 124.6 c.c.","環標字第17170號(FM12W5 A0564N18A05-73)","20230220","20410001-00021","SYM","【效期屆滿】"
12,"環保標章","三陽工業股份有限公司","24004006","Fiddle 125","環標字第17306號(FA12WA A0564N18A05-50)","20230319","20410001-00023","SYM","【效期屆滿】"
13,"環保標章","三陽工業股份有限公司","24004006","Fiddle 125","環標字第17306號(FA12WA A0564N18A05-84)","20230319","20410001-00025","SYM","【效期屆滿】"
14,"環保標章","三陽工業股份有限公司","24004006","Fiddle LT(115.6c.c.)","環標字第17521號(FM11W2 A0564N18A05-56)","20230514","20410001-00027","SYM","【效期屆滿】"
15,"環保標章","三陽工業股份有限公司","24004006","金發財125","環標字第17785號(AP12W5 A0564N18A01-05)","20230709","20410001-00029","SYM","【效期屆滿】"
16,"環保標章","三陽工業股份有限公司","24004006","金發財150","環標字第17964號(AP15W4 A0564N18A01-07)","20230903","20410001-00031","SYM","【效期屆滿】"
17,"環保標章","三陽工業股份有限公司","24004006","Fiddle DX (150.1C.C.)","環標字第18325號(FA15WB A0564N18A05-67)","20231210","20410001-00033","SYM","【效期屆滿】"
18,"環保標章","三陽工業股份有限公司","24004006","Fiddle DX (150.1C.C.)","環標字第18325號(FA15WB A0564N18A05-87)","20231210","20410001-00035","SYM","【效期屆滿】"
19,"環保標章","三陽工業股份有限公司","24004006","Fiddle LT(115.6c.c.)","環標字第18456號(FM11W6 A0564N18A05-68)","20240120","20410001-00037","SYM","【效期屆滿】"
20,"環保標章","三陽工業股份有限公司","24004006","JET SL 125","環標字第18859號(FK12WA A0564N18A05-75)","20240506","20410001-00039","SYM","【有效】"
21,"環保標章","三陽工業股份有限公司","24004006","DRGBT 158","環標字第18860號(TB16W4 A0564N18A02-04)","20240506","20410001-00041","SYM","【有效】"
22,"環保標章","三陽工業股份有限公司","24004006","KRNBT (124.9 C.C.)","環標字第19129號(KR12W2 A0564N18A05-83)","20240729","20410001-00043","SYM","【有效】"
23,"環保標章","三陽工業股份有限公司","24004006","4MICA 150","環標字第19184號(AL15W2 A0564N18A01-11)","20240812","20410001-00045","SYM","【有效】"
24,"環保標章","三陽工業股份有限公司","24004006","4MICA 125","環標字第19185號(AL12W2 A0564N18A01-08)","20240812","20410001-00047","SYM","【有效】"
25,"環保標章","中華汽車工業股份有限公司","03098415","eMOVING iE 125","環標字第19980號(MJ4H5 A0207N19A01-11)","20250626","20410004-00002","eMOVING","【有效】"
26,"環保標章","台灣中油股份有限公司","03707901","洗可麗環保洗碗精","環標字第19836號","20250403","20410002-00002","洗可麗","【有效】"
27,"環保標章","清淨海生技股份有限公司","28646868","清淨海環保洗髮精","環標字第18430號","20240107","20410003-00002","清淨海","【效期屆滿】"
28,"環保標章","清淨海生技股份有限公司","28646868","清淨海環保洗衣精","環標字第19208號","20240826","20410003-00004","清淨海","【有效】"
29,"環保標章","清淨海生技股份有限公司","28646868","清淨海環保廚房清潔劑","環標字第15753號","20241220","20410003-00006","清淨海","【有效】"
30,"環保標章","清淨海生技股份有限公司","28646868","清淨海環保沐浴乳","環標字第15756號","20241220","20410003-00008","清淨海","【有效】"
31,"環保標章","清淨海生技股份有限公司","28646868","清淨海環保洗衣粉-極淨升級","環標字第19602號","20250106","20410003-00010","清淨海","【有效】"
32,"環保標章","清淨海生技股份有限公司","28646868","清淨海環保洗碗精","環標字第16110號","20250523","20410003-00012","清淨海","【有效】"
33,"環保標章","正隆股份有限公司","33085508","蒲公英綠茶三層環保抽取式衛生紙","環標字第16197號","20250613","20410006-00002","蒲公英","【有效】"
34,"環保標章","三陽工業股份有限公司","24004006","迪爵DUKE 125","環標字第17051號(FC12VE A0564N18A05-93)","20230109","20410001-00048","SYM","【效期屆滿】"
35,"環保標章","三陽工業股份有限公司","24004006","迪爵DUKE 125","環標字第17051號(FC12TD A0564N18A05-95)","20230109","20410001-00050","SYM","【效期屆滿】"
36,"環保標章","三陽工業股份有限公司","24004006","Fiddle DX (150.1C.C.) ","環標字第18325號(FA15WC A0564N18A05-89)","20231210","20410001-00052","SYM","【效期屆滿】"
37,"環保標章","三陽工業股份有限公司","24004006","DRGBT 158","環標字第18860號(TB16W7 A0564N18A02-06)","20240506","20410001-00054","SYM","【有效】"
38,"環保標章","三陽工業股份有限公司","24004006","Z1 attila 125","環標字第19751號(FR12V7 A0564N18A05-82)","20250310","20410001-00056","SYM","【有效】"
39,"環保標章","三陽工業股份有限公司","24004006","迪爵 DUKE 125","環標字第20015號(FU12V1 A0564N18A05-91)","20250519","20410001-00058","SYM","【有效】"
40,"環保標章","三陽工業股份有限公司","24004006","MMBCU (158C.C)","環標字第20396號(TDA16T1 A0564N18A02-08)","20250804","20410001-00060","SYM","【有效】"
41,"環保標章","飛龍消防工程有限公司","27306102","機械泡沫滅火器","環標字第19665號(FZ-S2-AFFF-2)","20250126","20420002-00002","飛龍牌","【有效】"
42,"環保標章","飛龍消防工程有限公司","27306102","機械泡沫滅火器","環標字第19667號(FZ-R3-AFFF)","20250126","20420002-00004","飛龍牌","【有效】"
43,"環保標章","繼盛機械工業有限公司","23262808","碎紙機","環標字第16813號(C-240A)","20251024","20420003-00002","-","【有效】"
44,"環保標章","三陽工業股份有限公司","24004006","WOO (115.6 C.C.)","環標字第17039號(HJ11U1 A0564N18A06-09)","20221226","20410001-00002","SYM","【效期屆滿】"
45,"環保標章","三陽工業股份有限公司","24004006","FNXBT(124.9C.C.)","環標字第17040號(FP12W5 A0564N18A05-40)","20221226","20410001-00004","SYM","【效期屆滿】"
46,"環保標章","三陽工業股份有限公司","24004006","迪爵DUKE 125","環標字第17051號(FC12TB A0564N18A05-37)","20230109","20410001-00006","SYM","【效期屆滿】"
47,"環保標章","三陽工業股份有限公司","24004006","迪爵DUKE 125","環標字第17051號(FC12VE A0564N18A05-42)","20230109","20410001-00008","SYM","【效期屆滿】"
48,"環保標章","三陽工業股份有限公司","24004006","迪爵DUKE 125","環標字第17051號(FC12TD A0564N18A05-62)","20230109","20410001-00010","SYM","【效期屆滿】"
49,"環保標章","三陽工業股份有限公司","24004006","VIVO 125","環標字第17052號:(FX12V4 A0564N18A05-43)","20230109","20410001-00012","SYM","【效期屆滿】"
50,"環保標章","三陽工業股份有限公司","24004006","VIVO 125","環標字第17052號(FX12V6 A0564N18A05-53)","20230109","20410001-00014","SYM","【效期屆滿】"
51,"環保標章","三陽工業股份有限公司","24004006","Z1 attila (124.6 c.c.)","環標字第17169號(FR12V5 A0564N18A05-44)","20230220","20410001-00016","SYM","【效期屆滿】"
52,"環保標章","三陽工業股份有限公司","24004006","Z1 attila (124.6 c.c.)","環標字第17169號(FR12V8 A0564N18A05-59)","20230220","20410001-00018","SYM","【效期屆滿】"
53,"環保標章","三陽工業股份有限公司","24004006","VEGA 124.6 c.c.","環標字第17170號(FM12W6 A0564N18A05-46)","20230220","20410001-00020","SYM","【效期屆滿】"
54,"環保標章","三陽工業股份有限公司","24004006","VEGA 124.6 c.c.","環標字第17170號(FM12W6 A0564N18A05-74)","20230220","20410001-00022","SYM","【效期屆滿】"
55,"環保標章","三陽工業股份有限公司","24004006","Fiddle 125","環標字第17306號(FA12WB A0564N18A05-66)","20230319","20410001-00024","SYM","【效期屆滿】"
56,"環保標章","三陽工業股份有限公司","24004006","Fiddle 125","環標字第17306號(FA12WB A0564N18A05-86)","20230319","20410001-00026","SYM","【效期屆滿】"
57,"環保標章","三陽工業股份有限公司","24004006","Fiddle LT(115.6c.c.)","環標字第17521號(FM11W3 A0564N18A05-57)","20230514","20410001-00028","SYM","【效期屆滿】"
58,"環保標章","三陽工業股份有限公司","24004006","金發財125","環標字第17785號(AP12W6 A0564N18A01-06)","20230709","20410001-00030","SYM","【效期屆滿】"
59,"環保標章","三陽工業股份有限公司","24004006","Fiddle DX (150.1C.C.)","環標字第18325號(FA15WA A0564N18A05-60)","20231210","20410001-00032","SYM","【效期屆滿】"
60,"環保標章","三陽工業股份有限公司","24004006","Fiddle DX (150.1C.C.)","環標字第18325號(FA15WA A0564N18A05-85)","20231210","20410001-00034","SYM","【效期屆滿】"
61,"環保標章","三陽工業股份有限公司","24004006","Fiddle LT(115.6c.c.)","環標字第18456號(FM11W5 A0564N18A05-70)","20240120","20410001-00036","SYM","【效期屆滿】"
62,"環保標章","三陽工業股份有限公司","24004006","迪爵 DUKE 150","環標字第18800號(FC15V1 A0564N18A05-72)","20240422","20410001-00038","SYM","【有效】"
63,"環保標章","三陽工業股份有限公司","24004006","JET SL 125","環標字第18859號(FK12WA A0564N18A05-78)","20240506","20410001-00040","SYM","【有效】"
64,"環保標章","三陽工業股份有限公司","24004006","KRNBT (124.9 C.C.)","環標字第19129號(KR12W1 A0564N18A05-79)","20240729","20410001-00042","SYM","【有效】"
65,"環保標章","三陽工業股份有限公司","24004006","4MICA 150","環標字第19184號(AL15W1 A0564N18A01-10)","20240812","20410001-00044","SYM","【有效】"
66,"環保標章","三陽工業股份有限公司","24004006","4MICA 125","環標字第19185號(AL12W1 A0564N18A01-09)","20240812","20410001-00046","SYM","【有效】"
67,"環保標章","中華汽車工業股份有限公司","03098415","eMOVING iE 125","環標字第19980號(MJ4P1 A0207N19A01-10)","20250626","20410004-00001","eMOVING","【有效】"
68,"環保標章","中華汽車工業股份有限公司","03098415","eMOVING iE 125","環標字第19980號(MJ4L1 A0207N19A01-14)","20250626","20410004-00003","eMOVING","【有效】"
69,"環保標章","台灣中油股份有限公司","03707901","洗可麗 環保洗衣精","環標字第13794號","20260406","20410002-00001","洗可麗","【有效】"
70,"環保標章","清淨海生技股份有限公司","28646868","清淨海環保洗手乳","環標字第14673號","20231221","20410003-00001","清淨海","【效期屆滿】"
71,"環保標章","清淨海生技股份有限公司","28646868","清淨海環保地板清潔劑","環標字第18651號","20240311","20410003-00003","清淨海","【有效】"
72,"環保標章","清淨海生技股份有限公司","28646868","清淨海環保洗衣粉","環標字第15287號","20240908","20410003-00005","清淨海","【有效】"
73,"環保標章","清淨海生技股份有限公司","28646868","清淨海環保浴廁清潔劑","環標字第15752號","20241220","20410003-00007","清淨海","【有效】"
74,"環保標章","清淨海生技股份有限公司","28646868","清淨海環保洗衣精-極淨升級","環標字第19603號","20250106","20410003-00009","清淨海","【有效】"
75,"環保標章","清淨海生技股份有限公司","28646868","清淨海環保洗手慕斯","環標字第16113號","20250517","20410003-00011","清淨海","【有效】"
76,"環保標章","正隆股份有限公司","33085508","蒲公英環保衛生紙","環標字第16108號","20250523","20410006-00001","蒲公英","【有效】"
77,"環保標章","正隆股份有限公司","33085508","淨世代環保衛生紙","環標字第18363號","20231224","20410006-00003","淨世代","【效期屆滿】"
78,"環保標章","三陽工業股份有限公司","24004006","迪爵DUKE 125","環標字第17051號(FC12VF A0564N18A05-94)","20230109","20410001-00049","SYM","【效期屆滿】"
79,"環保標章","三陽工業股份有限公司","24004006","Fiddle 125","環標字第17306號(FA12WC A0564N18A05-88)","20230319","20410001-00051","SYM","【效期屆滿】"
80,"環保標章","三陽工業股份有限公司","24004006","迪爵 DUKE 150","環標字第18800號(FC15V1 A0564N18A05-96)","20240422","20410001-00053","SYM","【有效】"
81,"環保標章","三陽工業股份有限公司","24004006","DRGBT 158","環標字第18860號(TB16W6 A0564N18A02-07)","20240506","20410001-00055","SYM","【有效】"
82,"環保標章","三陽工業股份有限公司","24004006","迪爵 DUKE 125","環標字第20015號(FU12V2 A0564N18A05-90)","20250519","20410001-00057","SYM","【有效】"
83,"環保標章","三陽工業股份有限公司","24004006","迪爵 DUKE 125","環標字第20015號(FU12T1 A0564N18A05-92)","20250519","20410001-00059","SYM","【有效】"
84,"環保標章","飛龍消防工程有限公司","27306102","機械泡沫滅火器","環標字第19664號(FZ-S3-AFFF-C)","20250126","20420002-00001","飛龍牌","【有效】"
85,"環保標章","飛龍消防工程有限公司","27306102","機械泡沫滅火器","環標字第19666號(FZ-S6-AFFF)","20250126","20420002-00003","飛龍牌","【有效】"
86,"環保標章","繼盛機械工業有限公司","23262808","碎紙機","環標字第16813號(S-240A)","20251024","20420003-00001","-","【有效】"
87,"環保標章","繼盛機械工業有限公司","23262808","碎紙機","環標字第16813號(C-2415A)","20251024","20420003-00003","-","【有效】"
88,"環保標章","繼盛機械工業有限公司","23262808","碎紙機","環標字第16813號(C-240AW)","20251024","20420003-00004","-","【有效】"
89,"環保標章","繼盛機械工業有限公司","23262808","碎紙機","環標字第16813號(A-2404)","20251024","20420003-00006","-","【有效】"
90,"環保標章","繼盛機械工業有限公司","23262808","碎紙機","環標字第16813號(A-244)","20251024","20420003-00008","-","【有效】"
91,"環保標章","繼盛機械工業有限公司","23262808","碎紙機","環標字第16813號(S-283A)","20251024","20420003-00010","-","【有效】"
92,"環保標章","繼盛機械工業有限公司","23262808","碎紙機","環標字第16813號(C-2815A)","20251024","20420003-00012","無","【有效】"
93,"環保標章","繼盛機械工業有限公司","23262808","碎紙機","環標字第16813號(C-2282)","20251024","20420003-00014","無","【有效】"
94,"環保標章","繼盛機械工業有限公司","23262808","碎紙機","環標字第16813號(S-300A)","20251024","20420003-00016","無","【有效】"
95,"環保標章","繼盛機械工業有限公司","23262808","碎紙機","環標字第16813號(C-315)","20251024","20420003-00018","無","【有效】"
96,"環保標章","繼盛機械工業有限公司","23262808","碎紙機","環標字第16813號(S-312A)","20251024","20420003-00020","無","【有效】"
97,"環保標章","繼盛機械工業有限公司","23262808","碎紙機","環標字第16816號(C-310A)","20251024","20420003-00022","無","【有效】"
98,"環保標章","繼盛機械工業有限公司","23262808","碎紙機","環標字第16817號(C-312A)","20251024","20420003-00023","無","【有效】"
99,"環保標章","繼盛機械工業有限公司","23262808","碎紙機","環標字第16813號(C-2310)","20251024","20420003-00026","-","【有效】"
100,"環保標章","繼盛機械工業有限公司","23262808","碎紙機","環標字第16813號(C-410A)","20251024","20420003-00028","無","【有效】"
101,"環保標章","繼盛機械工業有限公司","23262808","碎紙機","環標字第16813號(C-2402)","20251024","20420003-00030","無","【有效】"
102,"環保標章","繼盛機械工業有限公司","23262808","碎紙機","環標字第16819號(S-443A)","20251024","20420003-00032","無","【有效】"
103,"環保標章","台灣中油股份有限公司","03707901","洗可麗環保衛浴清潔劑","環標字第18857號","20240428","20410002-00003","洗可麗","【有效】"
104,"環保標章","聯合材料科技股份有限公司","28030700","美利潔環保背心袋","環標字第21288號","20260516","20410009-00002","美利潔","【有效】"
105,"環保標章","家福股份有限公司","22662550","家樂福環保背心袋","環標字第19380號","20241013","20410010-00002","家樂福","【有效】"
106,"環保標章","臺鹽實業股份有限公司","89397503","塩易潔環保洗衣精","環標字第21783號","20260815","20410011-00002","塩易潔","【有效】"
107,"環保標章","中華汽車工業股份有限公司","03098415","eMOVING 勁炫125","環標字第20262號(MJ4P1 A0207N19A01-16)","20250707","20410004-00004","eMOVING","【有效】"
108,"環保標章","中華汽車工業股份有限公司","03098415","eMOVING iE PICKUP","環標字第20263號(CJ6MP A0207N19A01-18)","20250707","20410004-00006","eMOVING","【有效】"
109,"環保標章","中華汽車工業股份有限公司","03098415","eMOVING iE PICKUP","環標字第20263號(CJ6HA A0207N19A01-15)","20250707","20410004-00008","eMOVING","【有效】"
110,"環保標章","臺鹽實業股份有限公司","89397503","台塩海洋環保禦膚洗手露","環標字第20537號","20250901","20420001-00001","無","【有效】"
111,"環保標章","雄獅鉛筆廠股份有限公司","11708100","NO.800超細奇異筆黑色","環標字第14744號(NO.800)","20231228","20410005-00002","雄獅","【效期屆滿】"
112,"環保標章","繼盛機械工業有限公司","23262808","碎紙機","環標字第16813號(C-2243)","20251024","20420003-00005","-","【有效】"
113,"環保標章","繼盛機械工業有限公司","23262808","碎紙機","環標字第16813號(A-242)","20251024","20420003-00007","-","【有效】"
114,"環保標章","繼盛機械工業有限公司","23262808","碎紙機","環標字第16813號(S-280A)","20251024","20420003-00009","-","【有效】"
115,"環保標章","繼盛機械工業有限公司","23262808","碎紙機","環標字第16813號(C-280A)","20251024","20420003-00011","-","【有效】"
116,"環保標章","繼盛機械工業有限公司","23262808","碎紙機","環標字第16813號(C-284)","20251024","20420003-00013","-","【有效】"
117,"環保標章","繼盛機械工業有限公司","23262808","碎紙機","環標字第16813號(C-2844)","20251024","20420003-00015","無","【有效】"
118,"環保標章","繼盛機械工業有限公司","23262808","碎紙機","環標字第16813號(C-300A)","20251024","20420003-00017","-","【有效】"
119,"環保標章","繼盛機械工業有限公司","23262808","碎紙機","環標字第16813號(A-3070)","20251024","20420003-00019","無","【有效】"
120,"環保標章","繼盛機械工業有限公司","23262808","碎紙機","環標字第16813號(S-313A)","20251024","20420003-00021","無","【有效】"
121,"環保標章","繼盛機械工業有限公司","23262808","碎紙機","環標字第16816號(C-310A)","20251024","20420003-00022","無","【有效】"
122,"環保標章","繼盛機械工業有限公司","23262808","碎紙機","環標字第16813號(C-313A)","20251024","20420003-00025","無","【有效】"
123,"環保標章","繼盛機械工業有限公司","23262808","碎紙機","環標字第16813號(S-410A)","20251024","20420003-00027","無","【有效】"
124,"環保標章","繼盛機械工業有限公司","23262808","碎紙機","環標字第16813號(C-4102A)","20251024","20420003-00029","無","【有效】"
125,"環保標章","繼盛機械工業有限公司","23262808","碎紙機","環標字第16818號(C-443A)","20251024","20420003-00031","無","【有效】"
126,"環保標章","志成股份有限公司","04633983","白熊澄潤ECO環保洗潔精","環標字第19717號","20250217","20410007-00001","無","【有效】"
127,"環保標章","聯合材料科技股份有限公司","28030700","美利潔環保清潔袋","環標字第21287號","20260516","20410009-00001","美利潔","【有效】"
128,"環保標章","家福股份有限公司","22662550","家樂福環保清潔袋","環標字第19379號","20241013","20410010-00001","家樂福","【有效】"
129,"環保標章","臺鹽實業股份有限公司","89397503","塩易潔環保洗碗精","環標字第21618號","20260712","20410011-00001","塩易潔","【有效】"
130,"環保標章","中華汽車工業股份有限公司","03098415","eMOVING 勁炫125","環標字第20262號(MJ4M1 A0207N19A01-17)","20250707","20410004-00005","eMOVING","【有效】"
131,"環保標章","中華汽車工業股份有限公司","03098415","eMOVING iE PICKUP","環標字第20263號(CJ6HA A0207N19A01-13)","20250707","20410004-00007","eMOVING","【有效】"
132,"環保標章","中華汽車工業股份有限公司","03098415","eMOVING EZ1","環標字第19249號(ZM3H1 A0207P21A01-01)","20240909","20410004-00009","eMOVING","【有效】"
133,"環保標章","雄獅鉛筆廠股份有限公司","11708100","NO.600細字奇異筆黑色","環標字第14743號(NO.600)","20231228","20410005-00001","雄獅","【效期屆滿】"
134,"環保標章","雄獅鉛筆廠股份有限公司","11708100","NO.680雙頭油性奇異筆","環標字第14745號(NO.680)","20231228","20410005-00003","雄獅","【效期屆滿】"
135,"環保標章","臺鹽實業股份有限公司","89397503","自然海洋-調理洗髮精","環標字第20958號","20251229","20420001-00002","無","【有效】"
136,"環保標章","樂緹股份有限公司","85109966","BAMBOO可分解植物纖維吸管","環標字第19209","20240814","20410008-00001","BAMBOO","【有效】"
137,"環保標章","臺鹽實業股份有限公司","89397503","自然森林-柔潤沐浴乳","環標字第20959號","20251229","20420001-00003","無","【有效】"
