﻿name,schema,description
011.csv,schema-01.csv,成衣產業獲證產品清單
012.csv,schema-02.csv,內衣產業獲證產品清單
013.csv,schema-03.csv,毛衣產業獲證產品清單
014.csv,schema-04.csv,泳裝產業獲證產品清單
015.csv,schema-05.csv,毛巾產業獲證產品清單
016.csv,schema-06.csv,寢具產業獲證產品清單
017.csv,schema-07.csv,織襪產業獲證產品清單
018.csv,schema-08.csv,鞋類產業獲證產品清單
019.csv,schema-09.csv,袋包箱產業獲證產品清單
020.csv,schema-10.csv,家電產業獲證產品清單
021.csv,schema-11.csv,石材產業獲證產品清單
022.csv,schema-12.csv,陶瓷產業獲證產品清單
023.csv,schema-13.csv,木竹製品產業獲證產品清單
024.csv,schema-14.csv,紡織帽子產業獲證產品清單
025.csv,schema-15.csv,圍巾產業獲證產品清單
026.csv,schema-16.csv,紡織手套產業獲證產品清單
027.csv,schema-17.csv,傘類產業獲證產品清單
028.csv,schema-18.csv,布窗簾產業獲證產品清單
029.csv,schema-19.csv,紡織護具產業獲證產品清單
030.csv,schema-20.csv,農藥產業獲證產品清單
031.csv,schema-21.csv,環境用藥品產業獲證產品清單
032.csv,schema-22.csv,動物用藥產業獲證產品清單
202.csv,schema-23.csv,化粧品GMP獲證產品清單
203.csv,schema-24.csv,正字標記獲證產品清單
204.csv,schema-25.csv,環保標章獲證產品清單
301.csv,schema-26.csv,一般類獲證產品清單
